-- phpMyAdmin SQL Dump
-- version 5.0.2
-- https://www.phpmyadmin.net/
--
-- Host: 127.0.0.1:3306
-- Generation Time: Feb 08, 2021 at 10:51 AM
-- Server version: 8.0.18
-- PHP Version: 7.4.5

SET SQL_MODE = "NO_AUTO_VALUE_ON_ZERO";
START TRANSACTION;
SET time_zone = "+00:00";


/*!40101 SET @OLD_CHARACTER_SET_CLIENT=@@CHARACTER_SET_CLIENT */;
/*!40101 SET @OLD_CHARACTER_SET_RESULTS=@@CHARACTER_SET_RESULTS */;
/*!40101 SET @OLD_COLLATION_CONNECTION=@@COLLATION_CONNECTION */;
/*!40101 SET NAMES utf8mb4 */;

--
-- Database: `infoservice`
--
CREATE DATABASE IF NOT EXISTS `infoservice` DEFAULT CHARACTER SET utf8 COLLATE utf8_general_ci;
USE `infoservice`;

-- --------------------------------------------------------

--
-- Table structure for table `cliente`
--

CREATE TABLE `cliente` (
  `id` int(11) NOT NULL,
  `nome` varchar(20) NOT NULL,
  `cognome` varchar(20) NOT NULL,
  `cellulare` varchar(10) CHARACTER SET utf8 COLLATE utf8_general_ci NOT NULL,
  `fk_utenza` int(11) DEFAULT NULL
) ENGINE=InnoDB DEFAULT CHARSET=utf8;

--
-- Dumping data for table `cliente`
--

INSERT INTO `cliente` (`id`, `nome`, `cognome`, `cellulare`, `fk_utenza`) VALUES
(1, 'Oralie', 'Pannett', '2389602639', NULL),
(2, 'Forster', 'Marshland', '5963998552', NULL),
(3, 'Thadeus', 'Marcombe', '3137466732', NULL),
(4, 'Allyn', 'Miroy', '2485471784', NULL),
(5, 'Dinah', 'Kleinbaum', '4836802215', NULL),
(6, 'Ailey', 'Barrow', '1442992695', NULL),
(7, 'Heindrick', 'Andrei', '6188628055', NULL),
(8, 'Clarinda', 'Bamborough', '9575417715', NULL),
(9, 'Selinda', 'Epelett', '6886673883', NULL),
(10, 'Althea', 'Norcliff', '2449309590', NULL),
(11, 'Aylmar', 'Yegoshin', '8223134355', NULL),
(12, 'Tyson', 'Tong', '7958052831', NULL),
(13, 'Rebekah', 'Whitsey', '7372020126', NULL),
(14, 'Sydney', 'Birdwhistle', '7516663131', NULL),
(15, 'Brigitte', 'Sanz', '5685632871', NULL),
(16, 'Alaric', 'Purveys', '9707739644', NULL),
(17, 'Leah', 'Masse', '6489858451', NULL),
(18, 'Daria', 'Abrahamson', '1181417297', NULL),
(19, 'Sandro', 'Andrivel', '4705847290', NULL),
(20, 'Kerby', 'Le Sieur', '6539049302', NULL),
(21, 'Nikki', 'Ethridge', '5101312942', NULL),
(22, 'Lilly', 'Rajchert', '6046342947', NULL),
(23, 'Garvey', 'Blackhall', '2501569384', NULL),
(24, 'Corey', 'Tyt', '1844725302', NULL),
(25, 'Dierdre', 'Faraker', '8917804112', NULL),
(26, 'Willi', 'Labeuil', '3634461970', NULL),
(27, 'Fonzie', 'Wolstencroft', '6779914782', NULL),
(28, 'Onofredo', 'Kemetz', '8209568843', NULL),
(29, 'Zeke', 'Rabbet', '9569088757', NULL),
(30, 'Peggi', 'De Vries', '5022642876', NULL),
(31, 'Demetris', 'Leyninye', '4126978740', NULL),
(32, 'Jorry', 'Woodroof', '1047002763', NULL),
(33, 'Felicle', 'Mannix', '3256746734', NULL),
(34, 'Lianne', 'Grut', '2337915649', NULL),
(35, 'Daloris', 'Verling', '4717514401', NULL),
(36, 'Adolph', 'Crigin', '7952045128', NULL),
(37, 'Barby', 'Hindsberg', '9566622939', NULL),
(38, 'Hortense', 'Clementet', '1115938390', NULL),
(39, 'Mahmoud', 'Longbone', '7543810808', NULL),
(40, 'Rania', 'Hallen', '8223570721', NULL),
(41, 'Klemens', 'Gonzalvo', '7843821044', NULL),
(42, 'Kele', 'Merton', '7014610744', NULL),
(43, 'Therine', 'Lippett', '8821805981', NULL),
(44, 'Norby', 'Luciani', '3552287088', NULL),
(45, 'Alric', 'Kensett', '7432160305', NULL),
(46, 'Brett', 'Monni', '4612821007', NULL),
(47, 'Hastings', 'Sandford', '9569578760', NULL),
(48, 'Marigold', 'Baudet', '1888956295', NULL),
(49, 'Millard', 'Gaylor', '3326851328', NULL),
(50, 'Salim', 'Baistow', '2561727470', NULL),
(51, 'Oralie', 'Pullen', '1909910420', NULL),
(52, 'Grove', 'Killgus', '2203777459', NULL),
(53, 'Dena', 'Chelnam', '1486301339', NULL),
(54, 'Thurstan', 'Doxey', '1615081112', NULL),
(55, 'Gerardo', 'Tennock', '2821320906', NULL),
(56, 'Jefferson', 'Knappen', '7059064133', NULL),
(57, 'Sabina', 'Darlasson', '1397855179', NULL),
(58, 'Mattheus', 'Aleksandrikin', '5248949855', NULL),
(59, 'Torry', 'Ovendon', '6891612400', NULL),
(60, 'Vivie', 'Roscam', '4688821725', NULL),
(61, 'Sacha', 'Freezor', '4168598764', NULL),
(62, 'Kathleen', 'Mucklestone', '3354615345', NULL),
(63, 'Alexandr', 'Reiners', '7653005228', NULL),
(64, 'Wain', 'Le Cornu', '9031056764', NULL),
(65, 'Lance', 'Tulk', '1871531958', NULL),
(66, 'Terrye', 'Klimov', '4756934879', NULL),
(67, 'Rustin', 'Spendley', '3905117372', NULL),
(68, 'Marina', 'Junkin', '3867914998', NULL),
(69, 'Donall', 'Vanyarkin', '8518254909', NULL),
(70, 'Verina', 'Candlish', '8218018104', NULL),
(71, 'Bridget', 'Harradence', '6669239588', NULL),
(72, 'Tiffy', 'Bryce', '8236249215', NULL),
(73, 'Merlina', 'Rosenblath', '3736904903', NULL),
(74, 'Chilton', 'Kringe', '1857464588', NULL),
(75, 'Sophia', 'Mullarkey', '2426442718', NULL),
(76, 'Court', 'Preble', '6588697896', NULL),
(77, 'Edith', 'Dust', '6423304735', NULL),
(78, 'Dredi', 'Hewins', '5799005342', NULL),
(79, 'Brandais', 'Alishoner', '5685334815', NULL),
(80, 'Celestyna', 'Caen', '2498733780', NULL),
(81, 'Mozelle', 'Driver', '3533390322', NULL),
(82, 'Darb', 'Guiness', '5765435387', NULL),
(83, 'Florance', 'Gronw', '7537769538', NULL),
(84, 'Judon', 'McMillan', '6135240799', NULL),
(85, 'Kori', 'Stoneham', '5781712235', NULL),
(86, 'Orsola', 'Ivamy', '9403826456', NULL),
(87, 'Robinia', 'Skellorne', '6677969395', NULL),
(88, 'Wilden', 'Bertholin', '2243227721', NULL),
(89, 'Terry', 'Gillon', '7009601658', NULL),
(90, 'Agnese', 'Caddell', '8683881839', NULL),
(91, 'Lorianne', 'Groger', '1058641409', NULL),
(92, 'Celina', 'Togher', '4489698912', NULL),
(93, 'Delmer', 'Bullan', '4322500300', NULL),
(94, 'Lutero', 'Bosward', '1063188570', NULL),
(95, 'Bertha', 'Bridel', '8911613232', NULL),
(96, 'Tildie', 'Wettern', '5125617765', NULL),
(97, 'Arlette', 'Poile', '6384469551', NULL),
(98, 'Dulcy', 'MacCallion', '5432489472', NULL),
(99, 'Herrick', 'Tassel', '1808457061', NULL),
(100, 'Juanita', 'Nottingham', '6974547191', NULL),
(101, 'Myra', 'Meys', '6651952137', NULL),
(102, 'Camala', 'Gorstidge', '6653235062', NULL),
(103, 'Kenyon', 'O\'Currigan', '1387274488', NULL),
(104, 'Angus', 'Huc', '2192750977', NULL),
(105, 'Stefa', 'Grayley', '1182555503', NULL),
(106, 'Jeannette', 'O\'Henecan', '8603046973', NULL),
(107, 'Kirsti', 'Gulland', '6158682976', NULL),
(108, 'Mufi', 'Pinsent', '3828928193', NULL),
(109, 'Artemas', 'Robben', '5088369656', NULL),
(110, 'Dredi', 'Rainsdon', '8641635381', NULL),
(111, 'Schuyler', 'Pelos', '9476246034', NULL),
(112, 'Justis', 'Killough', '3444405774', NULL),
(113, 'Maisie', 'McGeaney', '3706088152', NULL),
(114, 'Denver', 'Jessup', '6701865820', NULL),
(115, 'Tuckie', 'Seldon', '3078633741', NULL),
(116, 'Christoffer', 'Causton', '6509829669', NULL),
(117, 'Torre', 'Rozalski', '3015738163', NULL),
(118, 'Reube', 'Baunton', '9882847826', NULL),
(119, 'Gustaf', 'Rodgman', '3785108372', NULL),
(120, 'Raynell', 'Drewett', '8691623461', NULL),
(121, 'Gerda', 'Stubbley', '5026700066', NULL),
(122, 'Zea', 'Howard', '6729533205', NULL),
(123, 'Maitilde', 'Weatherburn', '2163610300', NULL),
(124, 'Zach', 'Cuckoo', '6275395931', NULL),
(125, 'Waring', 'Corben', '1024330667', NULL),
(126, 'Kaine', 'Tongue', '9091720367', NULL),
(127, 'Easter', 'Casino', '6153157514', NULL),
(128, 'Lemmy', 'Donati', '5718588257', NULL),
(129, 'Mohandas', 'O\'Sheilds', '3166048470', NULL),
(130, 'Tailor', 'MacRitchie', '9187771120', NULL),
(131, 'Berte', 'Jarvie', '7102344346', NULL),
(132, 'Lynette', 'Lowde', '6502139824', NULL),
(133, 'Sherrie', 'Spanswick', '1652440972', NULL),
(134, 'Zelma', 'Birkwood', '5762099547', NULL),
(135, 'Giulia', 'Baldacchi', '5419793939', NULL),
(136, 'Brittan', 'Mort', '8256783510', NULL),
(137, 'Corine', 'Dechelle', '5229127149', NULL),
(138, 'Luise', 'Ingledow', '8858028543', NULL),
(139, 'Chev', 'Carnilian', '9585113334', NULL),
(140, 'Krispin', 'Levane', '2871878713', NULL),
(141, 'Yehudi', 'Crowne', '9966510117', NULL),
(142, 'Eamon', 'Fant', '3239770653', NULL),
(143, 'Ruthy', 'Gasquoine', '7853635138', NULL),
(144, 'Virgie', 'Willoughway', '8688658647', NULL),
(145, 'Vidovik', 'Loiterton', '8215646377', NULL),
(146, 'Amabelle', 'Lanney', '2965230000', NULL),
(147, 'Gherardo', 'Orbine', '7869887080', NULL),
(148, 'Ave', 'Van Saltsberg', '3533114008', NULL),
(149, 'Susanne', 'Stopher', '2999672586', NULL),
(150, 'Rachael', 'Martinson', '8665807768', NULL),
(151, 'Jobie', 'Fawke', '8565954823', NULL),
(152, 'Cosimo', 'Carverhill', '7994598193', NULL),
(153, 'Franciska', 'Bayston', '8314997747', NULL),
(154, 'Kalli', 'Alsford', '2938835787', NULL),
(155, 'Son', 'Leyband', '3918078770', NULL),
(156, 'Delores', 'Wyllcocks', '5547853801', NULL),
(157, 'Nissa', 'Chappell', '1118250777', NULL),
(158, 'Harris', 'Denisyev', '6622753490', NULL),
(159, 'Eugen', 'Eede', '8383426184', NULL),
(160, 'Chryste', 'Ludwell', '5334137143', NULL),
(161, 'Hasheem', 'Duro', '4982848483', NULL),
(162, 'Lizabeth', 'Stitson', '4643163911', NULL),
(163, 'Jobie', 'Galliard', '1559696466', NULL),
(164, 'Alanson', 'Keyhoe', '5471814175', NULL),
(165, 'Marya', 'Spinley', '9812053253', NULL),
(166, 'Rene', 'Immer', '4642436113', NULL),
(167, 'Brandais', 'Chattey', '8121492685', NULL),
(168, 'Irv', 'Jacquet', '1244986202', NULL),
(169, 'Marilee', 'Gowdy', '6183473154', NULL),
(170, 'Nissie', 'Culshew', '1829959481', NULL),
(171, 'Kassie', 'Redman', '3938645794', NULL),
(172, 'Lamar', 'Espadas', '7185569252', NULL),
(173, 'Ardelia', 'Danigel', '4173652592', NULL),
(174, 'Thorndike', 'Syalvester', '4525165690', NULL),
(175, 'Anestassia', 'Ell', '9154997050', NULL),
(176, 'Mona', 'Fisk', '9122842896', NULL),
(177, 'Vail', 'Colthurst', '5633324774', NULL),
(178, 'Doralin', 'O\'Docherty', '2916523533', NULL),
(179, 'Yankee', 'Pynn', '2556447826', NULL),
(180, 'Kakalina', 'Dinsdale', '9082025590', NULL),
(181, 'Natalina', 'Deabill', '7272257305', NULL),
(182, 'Gunilla', 'Dingley', '3478481974', NULL),
(183, 'Kynthia', 'Persich', '6572166410', NULL),
(184, 'Ryun', 'Tibbits', '3903511383', NULL),
(185, 'Alicia', 'Manktelow', '3807671535', NULL),
(186, 'Timmy', 'Rollason', '9322477073', NULL),
(187, 'Lou', 'Davy', '6041301833', NULL),
(188, 'Dayle', 'Kingston', '9081969092', NULL),
(189, 'Fidelio', 'Geratasch', '5726207462', NULL),
(190, 'Damian', 'Dahlbom', '3715237570', NULL),
(191, 'Barde', 'Adame', '5324910602', NULL),
(192, 'Michale', 'Megarry', '7059373443', NULL),
(193, 'Glyn', 'Cragoe', '8827384258', NULL),
(194, 'Bartel', 'Goodrick', '9824679472', NULL),
(195, 'Homer', 'Eardley', '9884236784', NULL),
(196, 'Hali', 'Robiou', '6842892870', NULL),
(197, 'Jarret', 'Gillbee', '4999283086', NULL),
(198, 'Orazio', 'Gaddie', '9411764455', NULL),
(199, 'Boris', 'Worviell', '9723205977', NULL),
(200, 'Morlee', 'Spottswood', '9501244342', NULL),
(201, 'Korella', 'Hellyar', '2706890502', NULL),
(202, 'Shawna', 'Romans', '8791694221', NULL),
(203, 'Bettine', 'Benezeit', '9837074719', NULL),
(204, 'Harrie', 'Maffioni', '6463362541', NULL),
(205, 'Drusie', 'Labba', '9395209730', NULL),
(206, 'Lefty', 'Micklewicz', '1799269966', NULL),
(207, 'Sapphire', 'Center', '2539832465', NULL),
(208, 'Loretta', 'Spencock', '8776260239', NULL),
(209, 'Gianina', 'Blissitt', '2851065653', NULL),
(210, 'Felizio', 'Larway', '3968033346', NULL),
(211, 'Octavia', 'Laroux', '5414775402', NULL),
(212, 'Lainey', 'Mellsop', '7367134622', NULL),
(213, 'Kristy', 'Currie', '4548831813', NULL),
(214, 'Sharon', 'Darwood', '1508295306', NULL),
(215, 'Yvonne', 'Treace', '3813699549', NULL),
(216, 'Marcia', 'Briereton', '7371174825', NULL),
(217, 'Kelsey', 'Hanrott', '9678512453', NULL),
(218, 'Garrott', 'McEvay', '5425903303', NULL),
(219, 'Trevor', 'Lorey', '7636843979', NULL),
(220, 'Anett', 'Burness', '8149092764', NULL),
(221, 'Verene', 'Coldbreath', '9721722599', NULL),
(222, 'Tanitansy', 'Ties', '6222949837', NULL),
(223, 'Scott', 'Ismail', '7436149820', NULL),
(224, 'Erin', 'Mardling', '3687284877', NULL),
(225, 'Rickie', 'Kubatsch', '1352885558', NULL),
(226, 'Alika', 'Rhoades', '8509596035', NULL),
(227, 'Sheri', 'Clemmen', '2491697424', NULL),
(228, 'Teador', 'Gauch', '7491734483', NULL),
(229, 'Kale', 'Lamkin', '3561422273', NULL),
(230, 'Adiana', 'Venart', '7173287372', NULL),
(231, 'Madelina', 'Garn', '9212226899', NULL),
(232, 'Norbie', 'Ladbrooke', '5662892591', NULL),
(233, 'Gratia', 'Court', '9235159877', NULL),
(234, 'Lannie', 'Ashtonhurst', '6043827694', NULL),
(235, 'Johnathon', 'Gerish', '7812161618', NULL),
(236, 'Fernande', 'Sherr', '7138377559', NULL),
(237, 'Micheal', 'Triswell', '1449912868', NULL),
(238, 'Linn', 'Connolly', '5918420917', NULL),
(239, 'Marigold', 'Clingoe', '4135936336', NULL),
(240, 'Hakim', 'Jeske', '5389536470', NULL),
(241, 'Philip', 'Gowthorpe', '3972495883', NULL),
(242, 'Ronald', 'Fossord', '4031757529', NULL),
(243, 'Lizzy', 'Oldknowe', '9584855849', NULL),
(244, 'Erich', 'Breslauer', '4054338889', NULL),
(245, 'Austin', 'Gallandre', '4877666474', NULL),
(246, 'Igor', 'Jeffers', '4079985488', NULL),
(247, 'Nettle', 'Bonnesen', '5344486185', NULL),
(248, 'Shea', 'Sennett', '8062377893', NULL),
(249, 'Marleen', 'Blayney', '2205771098', NULL),
(250, 'Jana', 'Kilner', '5282967663', NULL),
(251, 'Barthel', 'Norcliff', '6763473661', NULL),
(252, 'Carla', 'Kibbee', '5271206691', NULL),
(253, 'Cesaro', 'Ponting', '8439239387', NULL),
(254, 'Kermie', 'Mousby', '1163411672', NULL),
(255, 'Emory', 'Peel', '9795691131', NULL),
(256, 'Shae', 'Welbrock', '4412706036', NULL),
(257, 'Danila', 'Hastilow', '9473671638', NULL),
(258, 'Grantley', 'Wanne', '3984405888', NULL),
(259, 'Nollie', 'Maxwaile', '4308043877', NULL),
(260, 'Melinda', 'Breadmore', '6134054409', NULL),
(261, 'Bobbi', 'Ecclestone', '4434196244', NULL),
(262, 'Gaultiero', 'Jenckes', '2545952264', NULL),
(263, 'Derril', 'Keepin', '9905345360', NULL),
(264, 'Redford', 'Habard', '4539573259', NULL),
(265, 'Philipa', 'Labbet', '9635000923', NULL),
(266, 'Clemmie', 'Embery', '5511360779', NULL),
(267, 'Latia', 'Dunderdale', '4402880777', NULL),
(268, 'Corinna', 'Edmonston', '1943192806', NULL),
(269, 'Alyse', 'Lillo', '4596371922', NULL),
(270, 'Mireielle', 'Benger', '2401800802', NULL),
(271, 'Ofelia', 'Buy', '3656991597', NULL),
(272, 'Timi', 'Arnholz', '1416870462', NULL),
(273, 'Adara', 'Looney', '6163250798', NULL),
(274, 'Madelene', 'Adamek', '9792609060', NULL),
(275, 'Genny', 'Cammomile', '8935540078', NULL),
(276, 'Robbin', 'Spadoni', '5359685935', NULL),
(277, 'Freddie', 'Goldspink', '3522074953', NULL),
(278, 'Vinny', 'Scarratt', '4207258360', NULL),
(279, 'Reade', 'Lehrer', '2679219661', NULL),
(280, 'Ingar', 'Loveredge', '4086714888', NULL),
(281, 'Ginny', 'Aspel', '9298777912', NULL),
(282, 'Wandie', 'Ozelton', '3117705269', NULL),
(283, 'Brit', 'Edmondson', '3005312265', NULL),
(284, 'Sutherland', 'Christy', '6326940767', NULL),
(285, 'Yankee', 'Vannini', '2027635890', NULL),
(286, 'Cece', 'Fountian', '5819418261', NULL),
(287, 'Merell', 'Mackison', '6343954685', NULL),
(288, 'Leia', 'Althorp', '8666859737', NULL),
(289, 'Wallie', 'McVitty', '8792260375', NULL),
(290, 'Amby', 'Armand', '9567311927', NULL),
(291, 'Nichole', 'Borleace', '2424376973', NULL),
(292, 'Ado', 'Janda', '2211818748', NULL),
(293, 'Ker', 'Nizard', '2612546135', NULL),
(294, 'Marley', 'Mockler', '4722416221', NULL),
(295, 'Helene', 'Flintoff', '4517306258', NULL),
(296, 'Alma', 'Pettingill', '7012728366', NULL),
(297, 'Chelsie', 'Kayser', '9997746665', NULL),
(298, 'Benito', 'Offner', '1787148706', NULL),
(299, 'Leeann', 'Danilovic', '1295514639', NULL),
(300, 'Stacy', 'Safell', '3289494595', NULL),
(301, 'Hubey', 'Quincey', '6672342266', NULL),
(302, 'Lemuel', 'Bourley', '2195455166', NULL),
(303, 'Hillie', 'Thewlis', '1208868030', NULL),
(304, 'Rosalia', 'Waddilove', '2373134837', NULL),
(305, 'Kiley', 'Keuntje', '4069984848', NULL),
(306, 'Tilda', 'Rosini', '5221938304', NULL),
(307, 'Orin', 'Lundon', '6253790528', NULL),
(308, 'Christoforo', 'McKay', '3866309364', NULL),
(309, 'Karalee', 'Czajkowska', '4753918622', NULL),
(310, 'Terrye', 'Skurray', '4772319510', NULL),
(311, 'Robinson', 'Tremelling', '1564342055', NULL),
(312, 'Bogart', 'Spillett', '6147935914', NULL),
(313, 'Shelden', 'Brockherst', '2027791398', NULL),
(314, 'Gill', 'Mazdon', '9091011637', NULL),
(315, 'Davon', 'Ratter', '9113002218', NULL),
(316, 'Gunner', 'Crosbie', '6336354047', NULL),
(317, 'Valene', 'Godden', '3654936768', NULL),
(318, 'Ambur', 'Andreacci', '4733120123', NULL),
(319, 'Norton', 'Kington', '4494660702', NULL),
(320, 'Madel', 'Whilde', '3832402690', NULL),
(321, 'Edi', 'Labin', '1324071815', NULL),
(322, 'Charlene', 'Errol', '4186401979', NULL),
(323, 'Hesther', 'FitzGilbert', '1942676307', NULL),
(324, 'Amber', 'Bondley', '4646688470', NULL),
(325, 'Corrina', 'Chase', '4431148259', NULL),
(326, 'Donnie', 'Srutton', '2266098428', NULL),
(327, 'Cristal', 'Crawcour', '6646708343', NULL),
(328, 'Krissie', 'Chaldecott', '1836495937', NULL),
(329, 'Montgomery', 'Kochs', '4953633566', NULL),
(330, 'Malia', 'Satteford', '7558630167', NULL),
(331, 'Hunter', 'Longshaw', '7573634943', NULL),
(332, 'Olympe', 'Pinock', '3699054966', NULL),
(333, 'Arlana', 'Sobczak', '3073647339', NULL),
(334, 'Gratiana', 'Duddy', '9813290260', NULL),
(335, 'Fanchon', 'Madgwich', '5975392794', NULL),
(336, 'Jacobo', 'Mervyn', '8728128472', NULL),
(337, 'Felice', 'Blaze', '1716465899', NULL),
(338, 'Lizzie', 'Trail', '2125353188', NULL),
(339, 'Armand', 'Nary', '3862294822', NULL),
(340, 'Vonnie', 'O\'Codihie', '7314859319', NULL),
(341, 'Dniren', 'Noads', '3357546105', NULL),
(342, 'Kiersten', 'Pickup', '4095535144', NULL),
(343, 'Arnie', 'Roles', '9995741328', NULL),
(344, 'Ekaterina', 'Hartnup', '9512021700', NULL),
(345, 'Kingsly', 'Bault', '1904324395', NULL),
(346, 'Nara', 'Abazi', '8517176061', NULL),
(347, 'Bernadina', 'Ledes', '6433470923', NULL),
(348, 'Agathe', 'Casburn', '2024459005', NULL),
(349, 'Frannie', 'Akester', '5664175297', NULL),
(350, 'Isaiah', 'Lilleman', '9127075041', NULL),
(351, 'Johny', 'Tingcomb', '9767003171', NULL),
(352, 'Jan', 'Dunniom', '9462834990', NULL),
(353, 'Tuck', 'Spanswick', '5014418216', NULL),
(354, 'Channa', 'Sarll', '5836670004', NULL),
(355, 'Franciskus', 'Horbart', '3785184201', NULL),
(356, 'Carlynne', 'Gwin', '2187808146', NULL),
(357, 'Theadora', 'Ambler', '8298624544', NULL),
(358, 'Abran', 'Edards', '7778273595', NULL),
(359, 'Conrad', 'Steinhammer', '3134961629', NULL),
(360, 'Moyra', 'Cooksley', '7633119667', NULL),
(361, 'Lammond', 'Poncet', '1267009715', NULL),
(362, 'Celina', 'Tremlett', '2134366075', NULL),
(363, 'Jennee', 'Moran', '1007251234', NULL),
(364, 'Myrwyn', 'Krier', '2896670191', NULL),
(365, 'Garner', 'Rois', '9454965198', NULL),
(366, 'Alfons', 'Olyunin', '1119165872', NULL),
(367, 'Carlie', 'Jerrard', '8104791774', NULL),
(368, 'Allyn', 'Winram', '1981373909', NULL),
(369, 'Laetitia', 'Ewence', '2003203006', NULL),
(370, 'Donnajean', 'Dissman', '4267807582', NULL),
(371, 'Gunar', 'Allsepp', '3363745662', NULL),
(372, 'Syman', 'Shearston', '1026200693', NULL),
(373, 'Angeli', 'Ciccotti', '7013188881', NULL),
(374, 'Orton', 'Antonio', '4941296678', NULL),
(375, 'Johnathon', 'Heiton', '9201583174', NULL),
(376, 'Cory', 'Clapston', '8266310545', NULL),
(377, 'Patrizia', 'Gaylor', '4236741728', NULL),
(378, 'Riobard', 'Cahill', '7741447374', NULL),
(379, 'Rhetta', 'Lenahan', '4984066474', NULL),
(380, 'Ashely', 'Piele', '4476524922', NULL),
(381, 'Aileen', 'Miettinen', '7298446807', NULL),
(382, 'Kimberley', 'Josum', '2516867960', NULL),
(383, 'Arthur', 'Yakushkin', '6105657437', NULL),
(384, 'Herminia', 'Biagini', '5065617209', NULL),
(385, 'Russell', 'Tomney', '1741640196', NULL),
(386, 'Zara', 'McKeevers', '5641254790', NULL),
(387, 'Jackie', 'Kift', '3389836317', NULL),
(388, 'Lotty', 'Cudbird', '4103632459', NULL),
(389, 'Lionello', 'Anneslie', '9624454460', NULL),
(390, 'Mignon', 'Nickell', '9448275999', NULL),
(391, 'Flor', 'Trumpeter', '1606687707', NULL),
(392, 'Karna', 'Tellenbach', '4169840690', NULL),
(393, 'Orren', 'Streather', '6658286180', NULL),
(394, 'Adaline', 'Pottie', '5138021728', NULL),
(395, 'Hernando', 'Jovanovic', '5887211395', NULL),
(396, 'Sammie', 'Foxten', '5432688423', NULL),
(397, 'Alonso', 'Grosvener', '6711648286', NULL),
(398, 'Sarena', 'Costell', '4797047811', NULL),
(399, 'Leda', 'Braunlein', '4487868826', NULL),
(400, 'Kylila', 'Hanne', '3069248379', NULL),
(401, 'Felice', 'Geyton', '4898168640', NULL),
(402, 'Wiatt', 'Fenby', '6399256996', NULL),
(403, 'Nikolia', 'de Tocqueville', '6304468745', NULL),
(404, 'Any', 'Shapcott', '6921469936', NULL),
(405, 'Clayborne', 'Gibson', '4106206607', NULL),
(406, 'Norbie', 'Annetts', '7401102008', NULL),
(407, 'William', 'Hallitt', '3119161586', NULL),
(408, 'Berthe', 'Halksworth', '6712877163', NULL),
(409, 'Seka', 'Greger', '7084542275', NULL),
(410, 'Elias', 'Sidry', '4455355899', NULL),
(411, 'Maximo', 'Felgat', '4345201257', NULL),
(412, 'Eduino', 'Paolozzi', '6853198555', NULL),
(413, 'Courtnay', 'Thurner', '1296621060', NULL),
(414, 'Koressa', 'Wilmut', '2169489171', NULL),
(415, 'Beitris', 'Duddin', '2579378398', NULL),
(416, 'Michale', 'Durbridge', '7312955903', NULL),
(417, 'Addia', 'Hessentaler', '1729834444', NULL),
(418, 'Dominique', 'Ipsly', '2745834332', NULL),
(419, 'Shela', 'Ainsworth', '1273984712', NULL),
(420, 'Poppy', 'Wisson', '6547206115', NULL),
(421, 'Lonnard', 'Deboo', '3834025959', NULL),
(422, 'Bathsheba', 'Pierse', '1404396388', NULL),
(423, 'Carlos', 'Vela', '2861961671', NULL),
(424, 'Danyette', 'Takos', '6114191369', NULL),
(425, 'Malory', 'Hehnke', '1022041687', NULL),
(426, 'Edita', 'Yurenin', '2303627241', NULL),
(427, 'Victor', 'Bonnick', '5564415718', NULL),
(428, 'Gracia', 'Valentinetti', '4101590151', NULL),
(429, 'Reba', 'Goodhay', '9068830773', NULL),
(430, 'Neysa', 'Ballsdon', '3829490378', NULL),
(431, 'Pearla', 'Brantl', '7739125283', NULL),
(432, 'Sofie', 'Miebes', '2093716119', NULL),
(433, 'Nikki', 'Balling', '4082912133', NULL),
(434, 'Peri', 'Dillamore', '9252036289', NULL),
(435, 'Carlen', 'Boggers', '4847361858', NULL),
(436, 'Charity', 'Pinks', '7554830136', NULL),
(437, 'Christiane', 'Rolley', '1301284143', NULL),
(438, 'Fanchette', 'Cordsen', '7047138599', NULL),
(439, 'Daryl', 'Macourek', '5719715202', NULL),
(440, 'Laural', 'McDarmid', '8891093891', NULL),
(441, 'Chadwick', 'Fearnehough', '7506734208', NULL),
(442, 'Davey', 'Rahlof', '3947363436', NULL),
(443, 'Linet', 'Yarnell', '9028373663', NULL),
(444, 'Kynthia', 'Mecozzi', '8387078314', NULL),
(445, 'Elton', 'Banfield', '6567913983', NULL),
(446, 'Sandy', 'Dumbellow', '3689361875', NULL),
(447, 'Marja', 'Zuker', '6726136556', NULL),
(448, 'Carmelia', 'Cotter', '7077223031', NULL),
(449, 'Mikel', 'Totton', '4811731104', NULL),
(450, 'Ofilia', 'Fairhurst', '3665401094', NULL),
(451, 'Concordia', 'Genese', '9478550197', NULL),
(452, 'Suki', 'Beetham', '8242351900', NULL),
(453, 'Susana', 'Strangman', '8163777468', NULL),
(454, 'Doti', 'Jennemann', '2998256967', NULL),
(455, 'Ileana', 'Wilkennson', '8999690495', NULL),
(456, 'Eydie', 'Tomasek', '6667783529', NULL),
(457, 'Bat', 'Furby', '9329446224', NULL),
(458, 'Kimmie', 'Growy', '3272895258', NULL),
(459, 'Orson', 'Cull', '8984217105', NULL),
(460, 'Susann', 'France', '4245315480', NULL),
(461, 'Saba', 'Eilhart', '8474514496', NULL),
(462, 'Ginger', 'Jeremaes', '3522863273', NULL),
(463, 'Hakeem', 'Law', '8711343913', NULL),
(464, 'Opalina', 'Darque', '8012537188', NULL),
(465, 'Hildagarde', 'Simondson', '6418309428', NULL),
(466, 'Florie', 'Ivshin', '4109194274', NULL),
(467, 'Maribelle', 'Alvis', '3005037761', NULL),
(468, 'Armin', 'Bowery', '1729913350', NULL),
(469, 'Aubrey', 'Noad', '5281875884', NULL),
(470, 'Lew', 'Desseine', '4703474968', NULL),
(471, 'Mureil', 'Pougher', '5902121403', NULL),
(472, 'Maurie', 'Ilott', '3295219334', NULL),
(473, 'Amber', 'Leeves', '2374369147', NULL),
(474, 'Samaria', 'Godlonton', '3185551829', NULL),
(475, 'Heidie', 'Bannester', '5536052366', NULL),
(476, 'Noell', 'Curryer', '2014475173', NULL),
(477, 'Hedwiga', 'Skrine', '3613764072', NULL),
(478, 'Mireille', 'Dobbs', '2229750101', NULL),
(479, 'Englebert', 'Duffil', '7945648115', NULL),
(480, 'Marcile', 'Hamlen', '4706870557', NULL),
(481, 'Erica', 'Brodest', '7535639012', NULL),
(482, 'Shirlene', 'Edensor', '4146619199', NULL),
(483, 'Matthieu', 'Riceards', '6277566152', NULL),
(484, 'Tatiania', 'Doge', '9463597280', NULL),
(485, 'Marne', 'Pirouet', '1182627521', NULL),
(486, 'Celine', 'Ramos', '2059807068', NULL),
(487, 'Jeanne', 'Cammiemile', '7605350959', NULL),
(488, 'Marcellus', 'Broxap', '8039411617', NULL),
(489, 'Anna-diana', 'Baverstock', '1017127205', NULL),
(490, 'Kathe', 'Mulles', '4589916241', NULL),
(491, 'Concordia', 'Koppeck', '1261422589', NULL),
(492, 'Sanders', 'Gable', '5195015855', NULL),
(493, 'Sheilah', 'Kettlestringe', '8868471432', NULL),
(494, 'Jacqueline', 'Ebbens', '6531689889', NULL),
(495, 'Dougie', 'Barbisch', '3651895791', NULL),
(496, 'Yolane', 'Growcott', '6706013366', NULL),
(497, 'Kelley', 'Le Pruvost', '2344223279', NULL),
(498, 'Vaughan', 'Newlan', '9853192026', NULL),
(499, 'Fidole', 'Bilton', '9347290004', NULL),
(500, 'Abbey', 'Slocomb', '2716826972', NULL),
(501, 'Ettie', 'O\'Cannovane', '4499853116', NULL),
(502, 'Ferrel', 'Condy', '4187578685', NULL),
(503, 'Nicholas', 'Quigley', '4524252286', NULL),
(504, 'Finn', 'Ironmonger', '4328884226', NULL),
(505, 'Howard', 'Bonnett', '3977798275', NULL),
(506, 'Ileana', 'Parmer', '2986303313', NULL),
(507, 'Chen', 'Edon', '4313729768', NULL),
(508, 'Wilek', 'Halleybone', '4625272963', NULL),
(509, 'Kenneth', 'Delgardillo', '2933718110', NULL),
(510, 'Terrel', 'Morena', '6641392322', NULL),
(511, 'Dionisio', 'Borleace', '4565138409', NULL),
(512, 'Meier', 'Roose', '5496159857', NULL),
(513, 'Donnamarie', 'Neeve', '9736018286', NULL),
(514, 'Cobby', 'McQuarter', '9954096156', NULL),
(515, 'Timofei', 'Ogles', '6947565332', NULL),
(516, 'Gerrie', 'Ivic', '9288517506', NULL),
(517, 'Ingrid', 'Croucher', '4575193270', NULL),
(518, 'Dalenna', 'Newark', '8575645579', NULL),
(519, 'Clare', 'Vermer', '8056040648', NULL),
(520, 'Corrine', 'Congreve', '8865824032', NULL),
(521, 'Marcos', 'Yabsley', '3214510336', NULL),
(522, 'Mathew', 'Bulled', '9957337940', NULL),
(523, 'Tabbatha', 'Wimbury', '2517867745', NULL),
(524, 'Delora', 'Ferrarone', '4057326664', NULL),
(525, 'Enos', 'Figure', '9665382891', NULL),
(526, 'Carla', 'Braybrook', '8524055503', NULL),
(527, 'Tova', 'Bensusan', '5679775952', NULL),
(528, 'Clifford', 'Monkhouse', '5771726253', NULL),
(529, 'Mohammed', 'Mordon', '6905433030', NULL),
(530, 'Ceil', 'Mainz', '8295717605', NULL),
(531, 'Dewey', 'Dearl', '1582581217', NULL),
(532, 'Leonardo', 'Costelloe', '7151042376', NULL),
(533, 'Kare', 'Gosnay', '9121052980', NULL),
(534, 'Manon', 'Fargher', '1138277043', NULL),
(535, 'Karol', 'Bossel', '6502729737', NULL),
(536, 'Wilfrid', 'Stanfield', '1305410174', NULL),
(537, 'Allissa', 'Bowlas', '1532881502', NULL),
(538, 'Karla', 'McCaskill', '2299121044', NULL),
(539, 'Brew', 'Allabush', '8965278097', NULL),
(540, 'Odell', 'Tomaino', '8513308596', NULL),
(541, 'Burgess', 'Downing', '3014540098', NULL),
(542, 'Gavra', 'Olyunin', '1463452346', NULL),
(543, 'Fenelia', 'Overpool', '5109218430', NULL),
(544, 'Glyn', 'Ambresin', '9513755107', NULL),
(545, 'Brock', 'Swyer-Sexey', '2038446451', NULL),
(546, 'Hyacinth', 'Songist', '4859414407', NULL),
(547, 'Lucio', 'Killough', '3894353748', NULL),
(548, 'Demetris', 'Verden', '3734022090', NULL),
(549, 'Etta', 'Menhci', '9622528238', NULL),
(550, 'Reagen', 'Sleney', '2133694634', NULL),
(551, 'Sim', 'Bendson', '7668737638', NULL),
(552, 'Nana', 'Naper', '6738335522', NULL),
(553, 'Delbert', 'Filipyev', '9965095735', NULL),
(554, 'Emory', 'Ledekker', '6787425795', NULL),
(555, 'Indira', 'Brosch', '1903748184', NULL),
(556, 'Theodor', 'Stollberger', '9687245400', NULL),
(557, 'Alisun', 'Otley', '6733864442', NULL),
(558, 'Basil', 'Blundel', '1293275383', NULL),
(559, 'Paulie', 'Sarle', '2334855184', NULL),
(560, 'Dede', 'Desseine', '6898939531', NULL),
(561, 'Granger', 'Luscombe', '4748294057', NULL),
(562, 'Joscelin', 'McEllen', '3091337604', NULL),
(563, 'Merell', 'Venable', '7815665687', NULL),
(564, 'Nelie', 'Atwood', '9223238376', NULL),
(565, 'Waneta', 'Virgoe', '3898904179', NULL),
(566, 'Vinita', 'Damiral', '2718841574', NULL),
(567, 'Demott', 'Burfitt', '3959831100', NULL),
(568, 'Rosa', 'Trattles', '6366973789', NULL),
(569, 'Sibel', 'Kliesl', '2541671478', NULL),
(570, 'Saidee', 'Bosket', '5484264820', NULL),
(571, 'Branden', 'Rousell', '9572891738', NULL),
(572, 'Koenraad', 'Fluin', '9392399199', NULL),
(573, 'Steve', 'McGilbon', '9256985481', NULL),
(574, 'Tammy', 'Gookes', '3861784151', NULL),
(575, 'Hart', 'Overthrow', '9533895157', NULL),
(576, 'Inglis', 'Bratley', '7344462031', NULL),
(577, 'Zabrina', 'Charopen', '5954014257', NULL),
(578, 'Olenka', 'Spall', '9386502319', NULL),
(579, 'Kare', 'Volker', '8159141222', NULL),
(580, 'Clint', 'Orneblow', '4082701903', NULL),
(581, 'Marilyn', 'Arghent', '1845438152', NULL),
(582, 'Gavra', 'Baldock', '9221612884', NULL),
(583, 'Enoch', 'O\'Cannovane', '4709708459', NULL),
(584, 'Valma', 'Doreward', '9878367490', NULL),
(585, 'Kit', 'Arnao', '4921074790', NULL),
(586, 'Arnie', 'Keeley', '3205155626', NULL),
(587, 'Arlyn', 'Albany', '4975022045', NULL),
(588, 'Jacob', 'Berni', '5185941241', NULL),
(589, 'Dag', 'Weepers', '2774909325', NULL),
(590, 'Rori', 'Gerrans', '6424334055', NULL),
(591, 'Louisa', 'Leachman', '6206416401', NULL),
(592, 'Kimmy', 'Roberson', '8584318754', NULL),
(593, 'Beauregard', 'Snelle', '6987613471', NULL),
(594, 'Scarlet', 'Desmond', '1979709359', NULL),
(595, 'Roosevelt', 'Rotchell', '9875617889', NULL),
(596, 'Andreana', 'Wiltshaw', '9518178453', NULL),
(597, 'Andie', 'Henstridge', '3427827732', NULL),
(598, 'Alyssa', 'Crilly', '3469480663', NULL),
(599, 'Urbain', 'Algar', '6572780033', NULL),
(600, 'Louella', 'Chrystie', '6107626785', NULL),
(601, 'Daren', 'Banbridge', '1331369504', NULL),
(602, 'Rodolph', 'Chambers', '2283803811', NULL),
(603, 'Errol', 'MacDwyer', '3172383156', NULL),
(604, 'Denys', 'Jesteco', '8958311033', NULL),
(605, 'Artur', 'Rowles', '6046219698', NULL),
(606, 'Ruthanne', 'Waycott', '7407144059', NULL),
(607, 'Griffith', 'Kerkham', '4827008591', NULL),
(608, 'Ulises', 'Beal', '7492760247', NULL),
(609, 'Olivia', 'Revell', '1356961287', NULL),
(610, 'Marge', 'Cecchi', '1854032835', NULL),
(611, 'Dalila', 'Couzens', '5485076938', NULL),
(612, 'Rich', 'Tosney', '9815285708', NULL),
(613, 'Giorgia', 'Tippings', '3216615445', NULL),
(614, 'Marcellina', 'Riccione', '7769176905', NULL),
(615, 'Brandtr', 'Coombes', '3353396602', NULL),
(616, 'Vaughn', 'Laybourne', '2765762518', NULL),
(617, 'Philbert', 'Bowick', '3822039875', NULL),
(618, 'Kirsten', 'Stancer', '9567266335', NULL),
(619, 'Charissa', 'Causon', '4831842039', NULL),
(620, 'Shani', 'Baudic', '7616392406', NULL),
(621, 'Cathlene', 'Jurges', '4688533144', NULL),
(622, 'Alberto', 'Carff', '1519314270', NULL),
(623, 'Merill', 'Rossoni', '9379014941', NULL),
(624, 'Lewiss', 'Blount', '7955864896', NULL),
(625, 'Odilia', 'MacCosty', '7049462221', NULL),
(626, 'Brady', 'Rintoul', '9288938967', NULL),
(627, 'Alexi', 'Sich', '4742358780', NULL),
(628, 'Jojo', 'Vila', '7221575965', NULL),
(629, 'Ingunna', 'Bartalot', '7025157623', NULL),
(630, 'Daffy', 'Mulvenna', '9502818318', NULL),
(631, 'Gabrielle', 'Wareham', '8019575176', NULL),
(632, 'Pam', 'D\'Antoni', '1377054027', NULL),
(633, 'Britta', 'Tembey', '8985356407', NULL),
(634, 'Rozina', 'McParland', '6472121153', NULL),
(635, 'Bert', 'Cracie', '5324384291', NULL),
(636, 'Malynda', 'Jiri', '3513761171', NULL),
(637, 'Ami', 'Challener', '1346438215', NULL),
(638, 'El', 'Congram', '6314426028', NULL),
(639, 'Orsa', 'Craighill', '4104426504', NULL),
(640, 'Janie', 'Kiendl', '6331760167', NULL),
(641, 'Silvano', 'Chinge', '9573591034', NULL),
(642, 'Coleen', 'Spenton', '8689310885', NULL),
(643, 'Arlen', 'Ossulton', '3562966931', NULL),
(644, 'Jarrod', 'Danilovitch', '5535222172', NULL),
(645, 'Hagan', 'Rosengart', '1527642886', NULL),
(646, 'Leone', 'Hodjetts', '4083055562', NULL),
(647, 'Belle', 'Clarey', '3987280012', NULL),
(648, 'Henri', 'Franca', '4449206663', NULL),
(649, 'Karlene', 'Hiers', '3469081007', NULL),
(650, 'Carlyn', 'Sines', '2403336803', NULL),
(651, 'Anjanette', 'Mangon', '6684882063', NULL),
(652, 'Milly', 'Grzegorczyk', '2719269365', NULL),
(653, 'Eugenie', 'Grills', '3574092688', NULL),
(654, 'Ailsun', 'Habbon', '5026916830', NULL),
(655, 'Fidelity', 'Bocken', '1544501213', NULL),
(656, 'Lynnette', 'Dugall', '6535287712', NULL),
(657, 'Meryl', 'Seiler', '9448294950', NULL),
(658, 'Britteny', 'Doust', '9081984577', NULL),
(659, 'Di', 'Reaney', '4194048712', NULL),
(660, 'Alvie', 'Block', '6228730841', NULL),
(661, 'Siffre', 'Whitehorn', '2819994779', NULL),
(662, 'Kristien', 'Leddie', '4487906630', NULL),
(663, 'Gregorius', 'Frohock', '1865975982', NULL),
(664, 'Hettie', 'Salzen', '2695462451', NULL),
(665, 'Jehu', 'Teasey', '1986439367', NULL),
(666, 'Dahlia', 'Finn', '9934760725', NULL),
(667, 'Lynelle', 'Belcham', '7733419681', NULL),
(668, 'Tara', 'Locksley', '7608173964', NULL),
(669, 'Vin', 'Bantham', '7509538138', NULL),
(670, 'Anette', 'Northing', '1152878322', NULL),
(671, 'Letisha', 'Botten', '4209731379', NULL),
(672, 'Vaughan', 'Paddefield', '5891130945', NULL),
(673, 'Isobel', 'Cockley', '8592759508', NULL),
(674, 'Marietta', 'Colcomb', '1187828198', NULL),
(675, 'Cordell', 'Seakin', '1855494559', NULL),
(676, 'Clarissa', 'Grindell', '5644427698', NULL),
(677, 'Fairlie', 'Quaife', '1897164336', NULL),
(678, 'Gavin', 'Andreu', '4876329262', NULL),
(679, 'Kristos', 'Garry', '4078757805', NULL),
(680, 'Frederica', 'Drewes', '8105254878', NULL),
(681, 'Filippo', 'Broomhall', '7052943873', NULL),
(682, 'Tad', 'Fidell', '1371072468', NULL),
(683, 'Ky', 'Dudeney', '3776453215', NULL),
(684, 'Griffin', 'Whitter', '1884539553', NULL),
(685, 'Carena', 'Kail', '3699338605', NULL),
(686, 'Raine', 'Dencs', '8002577983', NULL),
(687, 'Trumann', 'Beavis', '9893124290', NULL),
(688, 'Perry', 'Spira', '7292501188', NULL),
(689, 'Elwyn', 'Ingold', '2547891849', NULL),
(690, 'Maxy', 'Jakeman', '6173932454', NULL),
(691, 'Franz', 'Alesin', '7403967015', NULL),
(692, 'Allix', 'Shearn', '8988205710', NULL),
(693, 'Ganny', 'Rennick', '3424429264', NULL),
(694, 'Nara', 'Moorcraft', '2038893893', NULL),
(695, 'Charles', 'Binion', '1949672376', NULL),
(696, 'Terrence', 'O\'Keaveny', '5465948022', NULL),
(697, 'Mattie', 'Coopland', '1014306452', NULL),
(698, 'Corabel', 'Cousin', '9099579753', NULL),
(699, 'Devina', 'Towner', '9226503811', NULL),
(700, 'Michael', 'Rosone', '2576748989', NULL),
(701, 'Ruthann', 'Holdron', '8489763034', NULL),
(702, 'Binky', 'Marrison', '2173416647', NULL),
(703, 'Mahala', 'Baxstar', '9174328001', NULL),
(704, 'Fawn', 'Conelly', '2669535252', NULL),
(705, 'Quentin', 'Melbourne', '8069067503', NULL),
(706, 'Aylmer', 'Tailour', '1419243067', NULL),
(707, 'Rubi', 'Lafee', '4902410001', NULL),
(708, 'Marius', 'Blaxter', '5928830989', NULL),
(709, 'Duane', 'Matthews', '2766460763', NULL),
(710, 'Savina', 'Lever', '1696065077', NULL),
(711, 'Whitby', 'Thompkins', '3778568525', NULL),
(712, 'Lauretta', 'Tomich', '1886033579', NULL),
(713, 'Benito', 'Dibb', '9551385798', NULL),
(714, 'Weylin', 'Hayer', '7139620211', NULL),
(715, 'Austin', 'Daines', '2362886250', NULL),
(716, 'Marty', 'Pischoff', '8308124017', NULL),
(717, 'Ximenez', 'Rawcliff', '3732487883', NULL),
(718, 'Kirsteni', 'Jindrich', '7493269567', NULL),
(719, 'Quintilla', 'Instone', '7836779425', NULL),
(720, 'Wendall', 'Davioud', '9048765560', NULL),
(721, 'Tybalt', 'Shimmings', '6095176444', NULL),
(722, 'Astrid', 'Hartlebury', '2922722912', NULL),
(723, 'Rois', 'Doale', '4734789135', NULL),
(724, 'Gwenore', 'Benoy', '4278105482', NULL),
(725, 'Jeannine', 'Bonney', '4285324112', NULL),
(726, 'Austina', 'Gorstidge', '6515964624', NULL),
(727, 'Leodora', 'Chotty', '5648345000', NULL),
(728, 'Clair', 'Dobinson', '8396857391', NULL),
(729, 'Gwenette', 'Fearon', '3184176409', NULL),
(730, 'Norry', 'Rodbourne', '6217052677', NULL),
(731, 'Rayna', 'Falvey', '2966014373', NULL),
(732, 'Killian', 'Tiller', '6313453215', NULL),
(733, 'Davidson', 'Chastang', '9067965193', NULL),
(734, 'Mathilda', 'Bastock', '8918151766', NULL),
(735, 'Adey', 'Garcia', '6971767235', NULL),
(736, 'Storm', 'Rennie', '2445195633', NULL),
(737, 'Alix', 'Doonican', '4381274991', NULL),
(738, 'Codie', 'Grigori', '5013404077', NULL),
(739, 'Kellsie', 'Tree', '5253229633', NULL),
(740, 'Osborne', 'Abramof', '1461764881', NULL),
(741, 'Nariko', 'Tilby', '1055952651', NULL),
(742, 'Egor', 'Fossick', '2854531573', NULL),
(743, 'Felicle', 'Bishop', '7117381156', NULL),
(744, 'Kellina', 'Tollow', '3566613901', NULL),
(745, 'Arabella', 'Renachowski', '5798307288', NULL),
(746, 'Arabella', 'Palin', '8167294378', NULL),
(747, 'Anna-diana', 'Raddin', '6272292750', NULL),
(748, 'Lil', 'Leadbitter', '6079962118', NULL),
(749, 'Jill', 'Filon', '8727173433', NULL),
(750, 'Hilliard', 'Boulden', '6973727685', NULL),
(751, 'Toiboid', 'Allibon', '4869191048', NULL),
(752, 'Saul', 'Beathem', '2351720163', NULL),
(753, 'Minda', 'Cowell', '3076469675', NULL),
(754, 'Jard', 'Meric', '8302746569', NULL),
(755, 'Reynolds', 'Battell', '8774972987', NULL),
(756, 'Druci', 'Sleep', '4659708119', NULL),
(757, 'Clemente', 'Schreiner', '7111055216', NULL),
(758, 'Garold', 'Shanks', '4507847484', NULL),
(759, 'Arleta', 'Bilam', '6391129559', NULL),
(760, 'Jorey', 'Capron', '7173820696', NULL),
(761, 'Gratia', 'Ox', '6006491615', NULL),
(762, 'Brina', 'Nunnerley', '9839941623', NULL),
(763, 'Sylvester', 'Commings', '2846618563', NULL),
(764, 'Alma', 'Sottell', '9957126474', NULL),
(765, 'Humfrid', 'Briztman', '1787658634', NULL),
(766, 'Deny', 'Bengal', '3142118709', NULL),
(767, 'Dunstan', 'Addy', '5455437227', NULL),
(768, 'Pietrek', 'Warry', '1162323688', NULL),
(769, 'Zaccaria', 'Rickford', '1533085798', NULL),
(770, 'Angelico', 'Brownbill', '9674017168', NULL),
(771, 'Lorilyn', 'Andrasch', '6339060957', NULL),
(772, 'Laureen', 'Tayloe', '7047729028', NULL),
(773, 'Gertrudis', 'Bartlett', '9384889558', NULL),
(774, 'Wallis', 'Catlow', '1926858286', NULL),
(775, 'Turner', 'Howorth', '9853263694', NULL),
(776, 'Darrick', 'Geraudy', '9667929721', NULL),
(777, 'Kendra', 'McKellar', '6031093513', NULL),
(778, 'Beaufort', 'Unworth', '6596935204', NULL),
(779, 'Janean', 'Lyttle', '3789488753', NULL),
(780, 'Irena', 'Fallawe', '8587544564', NULL),
(781, 'Evy', 'Seagrove', '8377471405', NULL),
(782, 'Calv', 'Cockland', '9156591188', NULL),
(783, 'Zorana', 'Havard', '8545502604', NULL),
(784, 'Carie', 'Lyptratt', '7286434363', NULL),
(785, 'Andros', 'Davitt', '2967295840', NULL),
(786, 'Joel', 'Gantzman', '9616813625', NULL),
(787, 'Cindi', 'Sobey', '7334941650', NULL),
(788, 'Risa', 'Kernaghan', '4589730266', NULL),
(789, 'Randolf', 'Burroughes', '1381251858', NULL),
(790, 'Cookie', 'Odam', '6064973405', NULL),
(791, 'Rossy', 'Grimditch', '1378787052', NULL),
(792, 'Athene', 'Witherspoon', '2287761966', NULL),
(793, 'Kylie', 'Bartholomew', '7877353912', NULL),
(794, 'Diena', 'Hallewell', '6872383313', NULL),
(795, 'Berkly', 'Mooring', '2019343590', NULL),
(796, 'Malchy', 'Mattschas', '7926844486', NULL),
(797, 'Ave', 'Snar', '9797680961', NULL),
(798, 'Cristin', 'Deller', '9482584227', NULL),
(799, 'Hilliard', 'Skentelbury', '8089606353', NULL),
(800, 'Nilson', 'Feander', '3063263374', NULL),
(801, 'Patrizio', 'MacDwyer', '9394230620', NULL),
(802, 'Renata', 'Kenworthey', '5564747113', NULL),
(803, 'Cherida', 'Coutthart', '8172129064', NULL),
(804, 'Dniren', 'Gegay', '6478918883', NULL),
(805, 'Danny', 'Millichap', '2721978913', NULL),
(806, 'Codie', 'Aked', '9819586690', NULL),
(807, 'Cal', 'McGinly', '1866968355', NULL),
(808, 'Godiva', 'Hyrons', '2253428847', NULL),
(809, 'Winfield', 'Poulsom', '4114833048', NULL),
(810, 'Ursuline', 'Ludy', '1924682777', NULL),
(811, 'Cassi', 'Klinck', '2365754672', NULL),
(812, 'Pearle', 'Lob', '4742755274', NULL),
(813, 'Taryn', 'Guymer', '3646291668', NULL),
(814, 'Kattie', 'Gaven', '3424658114', NULL),
(815, 'Chery', 'Jickles', '2377082990', NULL),
(816, 'Margarette', 'Grishagin', '1164625448', NULL),
(817, 'Addie', 'Lordon', '8113195692', NULL),
(818, 'Benson', 'Abbison', '5811412841', NULL),
(819, 'Johnette', 'Alyokhin', '6109396226', NULL),
(820, 'Perry', 'Cashell', '4269818071', NULL),
(821, 'Lindie', 'Ambresin', '7331293041', NULL),
(822, 'Tania', 'Spary', '7831148105', NULL),
(823, 'Nicolis', 'Gurg', '4992916815', NULL),
(824, 'Maxie', 'Abrahams', '7528475681', NULL),
(825, 'Broddy', 'Rieflin', '1833252426', NULL),
(826, 'Sheela', 'Heatly', '7801818529', NULL),
(827, 'Whit', 'Mould', '3477598342', NULL),
(828, 'Addy', 'Ridoutt', '2741461638', NULL),
(829, 'Kriste', 'Beeres', '7457521297', NULL),
(830, 'Manya', 'Booij', '7106113774', NULL),
(831, 'Pauletta', 'Dranfield', '4059206267', NULL),
(832, 'Imogen', 'Winsiowiecki', '2711902100', NULL),
(833, 'Kimmy', 'Calendar', '5141865746', NULL),
(834, 'Kelsi', 'Chellingworth', '7656142092', NULL),
(835, 'Seumas', 'Echallier', '6557194502', NULL),
(836, 'Hamid', 'Chomicki', '1099048350', NULL),
(837, 'Cherlyn', 'Scouler', '8861635173', NULL),
(838, 'Waylan', 'Hartfleet', '1271294801', NULL),
(839, 'Orin', 'Peart', '4148114607', NULL),
(840, 'Aurora', 'Greschik', '1963780141', NULL),
(841, 'Alexina', 'Kernermann', '5051919080', NULL),
(842, 'Kristina', 'Fabler', '4505712653', NULL),
(843, 'Catherine', 'Southon', '1714073137', NULL),
(844, 'Lidia', 'Minichillo', '1907152328', NULL),
(845, 'Clarke', 'Broggio', '4014321337', NULL),
(846, 'Berkley', 'Pullen', '1697793262', NULL),
(847, 'Archibaldo', 'Rallinshaw', '4553085906', NULL),
(848, 'Alvinia', 'Arbuckle', '6383151435', NULL),
(849, 'Doy', 'Mc Giffin', '4337944204', NULL),
(850, 'Marris', 'Dalmon', '8059246798', NULL),
(851, 'Annadiana', 'Bail', '5619992108', NULL),
(852, 'Lalo', 'O\'Lehane', '8812811185', NULL),
(853, 'Janine', 'Wrigglesworth', '1188898808', NULL),
(854, 'Ashton', 'Godber', '3978975601', NULL),
(855, 'Issiah', 'McKeller', '1031125384', NULL),
(856, 'Fan', 'Munton', '2475892533', NULL),
(857, 'Woodman', 'Gajownik', '9122088409', NULL),
(858, 'Thibaut', 'Scadding', '8992706468', NULL),
(859, 'Regina', 'Yushmanov', '2261823148', NULL),
(860, 'Lenci', 'Schutt', '1797755705', NULL),
(861, 'Austen', 'Brigstock', '6288504038', NULL),
(862, 'Prudi', 'Farre', '3683993361', NULL),
(863, 'Grissel', 'Branney', '6527834500', NULL),
(864, 'Reinhold', 'Hannan', '2642946363', NULL),
(865, 'Stern', 'Beall', '8342950014', NULL),
(866, 'Davis', 'Battill', '9615594125', NULL),
(867, 'Whitman', 'Burley', '9381312403', NULL),
(868, 'Agace', 'Baraclough', '8724315125', NULL),
(869, 'Loralee', 'Dooney', '7031480741', NULL),
(870, 'Sabra', 'Steedman', '5972681679', NULL),
(871, 'Jorie', 'Tourot', '9731106830', NULL),
(872, 'Kylila', 'Leachman', '5963289692', NULL),
(873, 'Tito', 'McMurtyr', '2781218935', NULL),
(874, 'Sinclare', 'Manuel', '4784318717', NULL),
(875, 'Nerissa', 'Antoniak', '7585242788', NULL),
(876, 'Erasmus', 'Treadgall', '3304050769', NULL),
(877, 'Amitie', 'Jarnell', '3891865297', NULL),
(878, 'Ephrayim', 'Pickersgill', '4378764013', NULL),
(879, 'Rosmunda', 'Keling', '5668207259', NULL),
(880, 'Doe', 'Beatty', '5053335596', NULL),
(881, 'Trip', 'Jorcke', '7747098668', NULL),
(882, 'Karolina', 'Otton', '5531388423', NULL),
(883, 'Lazarus', 'Kemson', '7402448894', NULL),
(884, 'Otis', 'Goulbourne', '9758818870', NULL),
(885, 'Maddie', 'Mcettrick', '4678701283', NULL),
(886, 'Stefania', 'Jiruch', '9076679703', NULL),
(887, 'Kelcey', 'Connolly', '5117287292', NULL),
(888, 'Nevin', 'Patrie', '6575697420', NULL),
(889, 'Yolanthe', 'Goose', '8003288823', NULL),
(890, 'Grazia', 'Prigmore', '2105691114', NULL),
(891, 'Alfons', 'Seer', '5022065898', NULL),
(892, 'Diandra', 'Ringrose', '5548651835', NULL),
(893, 'Ermin', 'Capun', '8625971913', NULL),
(894, 'Juieta', 'Asch', '4993879460', NULL),
(895, 'Jenny', 'Harrold', '1814726796', NULL),
(896, 'Allan', 'Mobberley', '4004210523', NULL),
(897, 'Jedidiah', 'Bennallck', '5707335034', NULL),
(898, 'Carmela', 'Westerman', '2774201474', NULL),
(899, 'Gertrud', 'Blakeway', '5706528825', NULL),
(900, 'Rois', 'Churchward', '9967703245', NULL),
(901, 'Baillie', 'O\'Longain', '8858915769', NULL),
(902, 'Spencer', 'Chatters', '6987863808', NULL),
(903, 'Janean', 'Normavell', '4413158671', NULL),
(904, 'Jackqueline', 'Behagg', '5192361480', NULL),
(905, 'Celinda', 'Matzke', '8742500676', NULL),
(906, 'Isidro', 'Boggs', '4025747851', NULL),
(907, 'Irwinn', 'Kender', '2026922124', NULL),
(908, 'Audrey', 'Clousley', '9162682000', NULL),
(909, 'Hyacintha', 'O\'Mohun', '2559468571', NULL),
(910, 'Nikos', 'Stepney', '9296002056', NULL),
(911, 'Ludvig', 'Scanes', '4244359334', NULL),
(912, 'Gert', 'Naismith', '7609217327', NULL),
(913, 'Nancee', 'Setch', '4808547427', NULL),
(914, 'Goldina', 'Biggadyke', '4081228797', NULL),
(915, 'Coreen', 'Grahame', '1379458287', NULL),
(916, 'Ernesta', 'Lain', '8297473820', NULL),
(917, 'Tod', 'Feare', '9631075453', NULL),
(918, 'Rafaelita', 'Baybutt', '4501354218', NULL),
(919, 'Suzi', 'Brigdale', '9548939200', NULL),
(920, 'Gertruda', 'Ash', '4546552000', NULL),
(921, 'Janith', 'McWhan', '9825945545', NULL),
(922, 'Benjamen', 'Puddefoot', '6481559282', NULL),
(923, 'Dore', 'Rehorek', '7827013674', NULL),
(924, 'Bibbie', 'Currington', '9072119165', NULL),
(925, 'Sissie', 'Van Arsdale', '5538530161', NULL),
(926, 'Dolores', 'Rallings', '7149641909', NULL),
(927, 'Ivy', 'Szymanowicz', '3711072120', NULL),
(928, 'Marilee', 'Oxenbury', '9649054744', NULL),
(929, 'Georgetta', 'Gossage', '4775988452', NULL),
(930, 'Kayley', 'Heathcoat', '7492389155', NULL),
(931, 'Guglielma', 'McIndrew', '1536275454', NULL),
(932, 'Kendall', 'Safe', '9154364044', NULL),
(933, 'Darrel', 'Bliven', '7887951390', NULL),
(934, 'Onfre', 'Hurlston', '8511112497', NULL),
(935, 'Flossie', 'Abrashkin', '5767584010', NULL),
(936, 'Valentina', 'Hammand', '1786981799', NULL),
(937, 'Loise', 'Mounter', '4837047018', NULL),
(938, 'Opalina', 'Hessel', '7138644722', NULL),
(939, 'Penrod', 'Shird', '5407664381', NULL),
(940, 'Antony', 'MacKissack', '8437414081', NULL),
(941, 'Stephenie', 'Ferrari', '5308289719', NULL),
(942, 'Barclay', 'Strewther', '3111617735', NULL),
(943, 'Laraine', 'Gergher', '6711406024', NULL),
(944, 'Reuben', 'De Cruz', '2354622209', NULL),
(945, 'Cello', 'Antham', '1269953608', NULL),
(946, 'Frederigo', 'Scardifield', '1083348069', NULL),
(947, 'Caroljean', 'Hewson', '2375549576', NULL),
(948, 'Deirdre', 'Ringsell', '1742879675', NULL),
(949, 'Lorri', 'Bradie', '9039339468', NULL),
(950, 'Loydie', 'Aaron', '7882845275', NULL),
(951, 'Jodie', 'Baroche', '6296315847', NULL),
(952, 'Nance', 'McKinney', '3406377254', NULL),
(953, 'Marshal', 'Carpe', '5376198236', NULL),
(954, 'Margalo', 'Meadows', '9799836183', NULL),
(955, 'Hasheem', 'Stears', '2951073647', NULL),
(956, 'Albertina', 'Jowle', '1344824359', NULL),
(957, 'Ole', 'Brodnecke', '3487330611', NULL),
(958, 'Alejandro', 'Veevers', '7117332270', NULL),
(959, 'Danyelle', 'Meconi', '7314922062', NULL),
(960, 'Orelia', 'Frith', '5986370602', NULL),
(961, 'Arleta', 'Tassel', '1696086140', NULL),
(962, 'Sidney', 'Fairfoull', '2586946157', NULL),
(963, 'Mella', 'Cudde', '4479235115', NULL),
(964, 'Oralle', 'Ericsson', '7261119854', NULL),
(965, 'Marijo', 'Gusticke', '8064610722', NULL),
(966, 'Raymund', 'Stevens', '9391634437', NULL),
(967, 'Jeddy', 'Claris', '9206017018', NULL),
(968, 'Henryetta', 'Di Angelo', '8172482829', NULL),
(969, 'Saw', 'Denington', '2692501061', NULL),
(970, 'Baxter', 'Alison', '6881629825', NULL),
(971, 'Inger', 'Tomlin', '7584949293', NULL),
(972, 'Fergus', 'Hanselmann', '8992050894', NULL),
(973, 'Liza', 'Downe', '5337067172', NULL),
(974, 'Guglielmo', 'Girkin', '7329990179', NULL),
(975, 'Zea', 'Baynam', '4417336496', NULL),
(976, 'Dana', 'Slayny', '5704017489', NULL),
(977, 'Murielle', 'MacGee', '4285585892', NULL),
(978, 'Erina', 'Pierrepoint', '9684165275', NULL),
(979, 'Othilia', 'MacLennan', '4155226616', NULL),
(980, 'Allis', 'Gilderoy', '5844137667', NULL),
(981, 'Bealle', 'Murcott', '2951260562', NULL),
(982, 'Herold', 'Swaine', '3971892558', NULL),
(983, 'Beck', 'Siret', '3662222618', NULL),
(984, 'Lanna', 'Dufaire', '2971888455', NULL),
(985, 'Lucky', 'Crumbie', '5309746200', NULL),
(986, 'Jeffrey', 'Longshaw', '9536384326', NULL),
(987, 'Flor', 'Geill', '7414160419', NULL),
(988, 'Bryna', 'McKeurtan', '8563847627', NULL),
(989, 'Marybelle', 'Mintoff', '8485338129', NULL),
(990, 'Kip', 'Sanja', '6492754790', NULL),
(991, 'King', 'Haug', '6304817288', NULL),
(992, 'Isadore', 'Clethro', '1579115519', NULL),
(993, 'Gasparo', 'Reddle', '4823228971', NULL),
(994, 'Aubrey', 'Longworthy', '5441385065', NULL),
(995, 'Martie', 'Fish', '1295774850', NULL),
(996, 'Kelsi', 'Wibberley', '4094566010', NULL),
(997, 'Francisca', 'Bau', '9515690814', NULL),
(998, 'Terrijo', 'Giacaponi', '1863314428', NULL),
(999, 'Cristie', 'Jansky', '2805166838', NULL),
(1000, 'Friedrick', 'Langmaid', '4071843601', NULL);

-- --------------------------------------------------------

--
-- Table structure for table `dipendente`
--

CREATE TABLE `dipendente` (
  `id` int(11) NOT NULL,
  `nome` varchar(20) NOT NULL,
  `cognome` varchar(20) NOT NULL,
  `codicefiscale` varchar(16) NOT NULL,
  `cellulare` varchar(12) NOT NULL,
  `stipendio` float NOT NULL,
  `livellocontrattuale` int(11) NOT NULL,
  `fk_utenza` int(11) DEFAULT NULL
) ENGINE=InnoDB DEFAULT CHARSET=utf8;

--
-- Dumping data for table `dipendente`
--

INSERT INTO `dipendente` (`id`, `nome`, `cognome`, `codicefiscale`, `cellulare`, `stipendio`, `livellocontrattuale`, `fk_utenza`) VALUES
(1, 'Annamaria', 'Vannuccini', '893-58-8533', '7964462950', 1007.56, 3, NULL),
(2, 'Pooh', 'Scoffins', '698-79-5744', '1426343022', 225.66, 7, NULL),
(3, 'Chaddie', 'Robinette', '625-99-4552', '8362941002', 1997.53, 4, NULL),
(4, 'Catlin', 'Condict', '487-13-9688', '2968840795', 1388.74, 3, NULL),
(5, 'Hashim', 'Kettlesting', '503-80-6730', '6363626094', 1483.59, 2, NULL),
(6, 'Kristian', 'Morrowe', '293-86-6200', '303 682 9355', 1640.87, 4, NULL),
(7, 'Lee', 'Ranstead', '694-20-2218', '149 127 1240', 794.34, 4, NULL),
(8, 'Merle', 'Fockes', '865-10-4046', '408 914 5774', 1681.73, 3, NULL),
(9, 'Talbert', 'Bunker', '455-26-2452', '881 588 2231', 1610.72, 2, NULL),
(10, 'Heath', 'Plumridege', '370-53-9105', '738 488 2756', 913.98, 7, NULL),
(11, 'Vita', 'Caddan', '812-42-4686', '524 873 8233', 1491.81, 7, NULL),
(12, 'Heather', 'Lohmeyer', '581-46-6479', '187 860 4585', 463.58, 6, NULL),
(13, 'Lorilyn', 'Doding', '688-44-7559', '936 676 8411', 1260.21, 1, NULL),
(14, 'Derry', 'Obern', '573-35-0425', '123 411 5824', 1328.39, 5, NULL),
(15, 'Reina', 'Valett', '541-59-4160', '597 975 4405', 1590.29, 4, NULL),
(16, 'Catharine', 'Durnall', '130-06-0086', '104 896 8107', 242.89, 4, NULL),
(17, 'Base', 'Heaffey', '727-14-2708', '421 473 8007', 1268.51, 6, NULL),
(18, 'Jessalyn', 'Bosman', '599-95-0614', '945 762 1864', 1714.95, 4, NULL),
(19, 'Cathi', 'Moffett', '210-36-8472', '141 691 4644', 1090.21, 2, NULL),
(20, 'Denice', 'Langabeer', '464-31-8554', '662 462 7033', 1115.1, 6, NULL),
(21, 'Marietta', 'Dansey', '519-37-4030', '224 502 4227', 246.59, 3, NULL),
(22, 'Charity', 'Blanking', '359-23-4073', '923 753 0406', 553.92, 3, NULL),
(23, 'Charmain', 'Wittrington', '482-52-2477', '912 843 9906', 1487.25, 7, NULL),
(24, 'Eryn', 'Francesconi', '178-10-4880', '338 714 6509', 1984.84, 4, NULL),
(25, 'Nil', 'Grinaway', '562-07-7952', '229 481 1402', 1454.33, 4, NULL),
(26, 'Alanson', 'Dudden', '211-04-8737', '411 146 6924', 853.3, 5, NULL),
(27, 'Valencia', 'Stanway', '427-76-1385', '465 212 2781', 310.33, 5, NULL),
(28, 'Breanne', 'Guido', '135-73-1796', '570 723 3912', 1534.38, 1, NULL),
(29, 'Gene', 'Thor', '882-20-5334', '487 616 7617', 1873.23, 5, NULL),
(30, 'Winifred', 'Bonnick', '650-76-7583', '212 546 4616', 658.99, 5, NULL),
(31, 'Zachariah', 'Brindley', '226-39-6199', '337 101 9385', 1985.36, 1, NULL),
(32, 'Karissa', 'Settle', '351-86-5818', '601 664 0460', 1106.29, 2, NULL),
(33, 'Lizzy', 'Isakson', '632-98-0138', '383 265 1459', 1982.81, 6, NULL),
(34, 'Howard', 'Luca', '518-51-6940', '220 630 5292', 834.64, 1, NULL),
(35, 'Shamus', 'Jefferys', '508-88-7942', '705 664 1019', 1472.32, 5, NULL),
(36, 'Angelica', 'Navarijo', '129-63-1427', '645 575 3165', 1430.23, 1, NULL),
(37, 'Mata', 'Talks', '318-54-0890', '213 918 2267', 662.54, 6, NULL),
(38, 'Immanuel', 'Feldhuhn', '303-81-6409', '939 241 0805', 1500.03, 3, NULL),
(39, 'Myrtie', 'Braund', '524-50-9868', '521 820 0004', 797.35, 5, NULL),
(40, 'Haslett', 'Scatchard', '495-09-9747', '477 181 2799', 1509.16, 2, NULL),
(41, 'Violante', 'Purkis', '825-01-4049', '178 454 7425', 779.97, 7, NULL),
(42, 'Kelcey', 'Salzberger', '162-26-8870', '511 953 5195', 1633.87, 4, NULL),
(43, 'Roderigo', 'Alty', '331-25-1160', '308 832 4331', 564.22, 1, NULL),
(44, 'Zondra', 'Abbati', '753-87-1998', '727 708 7249', 1574.85, 3, NULL),
(45, 'Kain', 'O\'Cullinane', '540-82-8332', '799 920 6626', 1263.84, 7, NULL),
(46, 'Angele', 'Mayall', '860-31-7514', '442 282 5229', 1237.12, 3, NULL),
(47, 'Peta', 'Cant', '333-64-4823', '811 201 3411', 1612.21, 2, NULL),
(48, 'Aimee', 'Jenken', '802-81-9122', '630 792 1744', 203.7, 3, NULL),
(49, 'Shannon', 'Wolvey', '127-26-1881', '103 283 6821', 719.23, 6, NULL),
(50, 'Olly', 'Hampton', '560-28-0969', '925 650 7522', 1764.39, 3, NULL);

-- --------------------------------------------------------

--
-- Table structure for table `lavora`
--

CREATE TABLE `lavora` (
  `id` int(11) NOT NULL,
  `fk_settore` int(11) NOT NULL,
  `fk_dipendente` int(11) NOT NULL
) ENGINE=InnoDB DEFAULT CHARSET=utf8;

--
-- Dumping data for table `lavora`
--

INSERT INTO `lavora` (`id`, `fk_settore`, `fk_dipendente`) VALUES
(1, 1, 16),
(2, 1, 28),
(3, 1, 1),
(4, 3, 36),
(5, 2, 16),
(6, 1, 10),
(7, 4, 18),
(8, 3, 9),
(9, 2, 20),
(10, 3, 41),
(11, 2, 39),
(12, 2, 15),
(13, 2, 49),
(14, 4, 32),
(15, 3, 30),
(16, 4, 33),
(17, 4, 1),
(18, 3, 13),
(19, 4, 49),
(20, 3, 34),
(21, 1, 26),
(23, 1, 1),
(24, 1, 37),
(25, 1, 42),
(26, 2, 33),
(27, 4, 27),
(28, 4, 29),
(29, 4, 26),
(30, 3, 1),
(31, 2, 50),
(32, 1, 8),
(33, 3, 6),
(34, 1, 1),
(35, 3, 4),
(36, 1, 7),
(37, 3, 35),
(38, 1, 48),
(39, 4, 1),
(40, 1, 37),
(41, 1, 12),
(42, 3, 9),
(43, 2, 45),
(44, 2, 15),
(45, 1, 32),
(46, 1, 2),
(47, 4, 28),
(48, 1, 48),
(49, 1, 10),
(50, 1, 35);

-- --------------------------------------------------------

--
-- Table structure for table `report`
--

CREATE TABLE `report` (
  `id` int(11) NOT NULL,
  `ora` datetime NOT NULL,
  `attivit` varchar(255) NOT NULL,
  `isrisolto` tinyint(1) NOT NULL,
  `fk_dipendente` int(11) NOT NULL
) ENGINE=InnoDB DEFAULT CHARSET=utf8;

--
-- Dumping data for table `report`
--

INSERT INTO `report` (`id`, `ora`, `attivit`, `isrisolto`, `fk_dipendente`) VALUES
(1, '2020-07-03 21:50:34', 'etiam justo etiam pretium iaculis justo in hac habitasse platea dictumst etiam faucibus cursus urna ut tellus', 0, 23),
(2, '2020-02-06 23:18:08', 'condimentum neque sapien placerat ante nulla justo aliquam quis turpis eget elit sodales scelerisque mauris sit amet eros', 0, 24),
(3, '2020-06-23 00:31:27', 'massa id lobortis convallis tortor risus dapibus augue vel accumsan tellus nisi eu orci mauris lacinia sapien quis libero', 0, 19),
(4, '2019-02-18 03:58:18', 'volutpat in congue etiam justo etiam pretium iaculis justo in hac habitasse platea dictumst etiam faucibus cursus urna ut', 0, 16),
(5, '2019-02-15 19:49:59', 'donec ut mauris eget massa tempor convallis nulla neque libero convallis eget eleifend luctus ultricies eu', 1, 3),
(6, '2019-02-16 05:07:06', 'non mauris morbi non lectus aliquam sit amet diam in magna bibendum imperdiet nullam orci pede', 1, 9),
(7, '2020-04-21 23:53:08', 'convallis eget eleifend luctus ultricies eu nibh quisque id justo sit amet sapien dignissim vestibulum vestibulum', 0, 46),
(8, '2019-02-15 02:07:14', 'neque vestibulum eget vulputate ut ultrices vel augue vestibulum ante ipsum primis in faucibus orci', 0, 7),
(9, '2019-03-08 08:02:54', 'orci luctus et ultrices posuere cubilia curae donec pharetra magna vestibulum aliquet ultrices erat tortor sollicitudin mi sit amet lobortis', 1, 39),
(10, '2019-07-25 11:10:40', 'maecenas tincidunt lacus at velit vivamus vel nulla eget eros elementum pellentesque quisque porta', 0, 24),
(11, '2020-12-27 11:14:37', 'a odio in hac habitasse platea dictumst maecenas ut massa quis augue luctus tincidunt nulla mollis molestie', 0, 21),
(12, '2019-01-27 22:07:58', 'dui maecenas tristique est et tempus semper est quam pharetra', 0, 21),
(13, '2019-07-01 15:41:01', 'integer ac leo pellentesque ultrices mattis odio donec vitae nisi nam ultrices libero non mattis pulvinar', 0, 9),
(14, '2019-01-20 01:24:25', 'proin risus praesent lectus vestibulum quam sapien varius ut blandit non', 0, 37),
(15, '2019-11-18 09:11:32', 'quis odio consequat varius integer ac leo pellentesque ultrices mattis', 1, 41),
(16, '2019-06-04 15:32:24', 'turpis nec euismod scelerisque quam turpis adipiscing lorem vitae mattis nibh ligula nec', 0, 33),
(17, '2019-03-22 19:47:43', 'lectus aliquam sit amet diam in magna bibendum imperdiet nullam orci pede venenatis non sodales sed tincidunt eu felis fusce', 0, 43),
(18, '2019-12-18 19:14:20', 'curabitur in libero ut massa volutpat convallis morbi odio odio elementum eu interdum', 0, 33),
(19, '2019-02-19 14:34:45', 'eu sapien cursus vestibulum proin eu mi nulla ac enim in tempor turpis nec euismod scelerisque quam turpis', 0, 18),
(20, '2020-11-16 21:04:38', 'mauris laoreet ut rhoncus aliquet pulvinar sed nisl nunc rhoncus dui vel sem sed sagittis', 0, 43),
(21, '2020-08-04 18:28:32', 'dis parturient montes nascetur ridiculus mus etiam vel augue vestibulum rutrum', 0, 3),
(22, '2020-12-05 21:34:41', 'ac tellus semper interdum mauris ullamcorper purus sit amet nulla quisque arcu', 0, 11),
(23, '2020-05-30 11:43:30', 'id justo sit amet sapien dignissim vestibulum vestibulum ante ipsum primis in faucibus orci luctus et ultrices posuere cubilia', 0, 18),
(24, '2019-04-05 19:24:40', 'dolor morbi vel lectus in quam fringilla rhoncus mauris enim leo rhoncus sed', 1, 27),
(25, '2019-06-18 12:38:37', 'nec condimentum neque sapien placerat ante nulla justo aliquam quis turpis eget elit sodales scelerisque mauris sit', 0, 36),
(26, '2020-08-29 07:01:25', 'dictumst etiam faucibus cursus urna ut tellus nulla ut erat id mauris vulputate', 0, 7),
(27, '2020-08-02 23:20:42', 'viverra eget congue eget semper rutrum nulla nunc purus phasellus in', 1, 39),
(28, '2019-10-10 19:09:37', 'amet lobortis sapien sapien non mi integer ac neque duis bibendum morbi', 0, 2),
(29, '2019-03-18 19:35:37', 'parturient montes nascetur ridiculus mus etiam vel augue vestibulum rutrum rutrum', 0, 6),
(30, '2019-04-28 00:42:29', 'iaculis justo in hac habitasse platea dictumst etiam faucibus cursus urna ut', 0, 50),
(31, '2019-01-31 14:00:50', 'eu orci mauris lacinia sapien quis libero nullam sit amet', 0, 8),
(32, '2019-09-20 13:20:14', 'in imperdiet et commodo vulputate justo in blandit ultrices enim lorem ipsum', 0, 49),
(33, '2020-01-07 21:03:42', 'iaculis justo in hac habitasse platea dictumst etiam faucibus cursus urna ut', 0, 27),
(34, '2019-06-28 05:29:25', 'lectus suspendisse potenti in eleifend quam a odio in hac', 1, 5),
(35, '2019-04-20 00:06:23', 'non lectus aliquam sit amet diam in magna bibendum imperdiet nullam orci', 0, 24),
(36, '2019-06-24 13:55:18', 'placerat ante nulla justo aliquam quis turpis eget elit sodales scelerisque mauris sit amet eros', 1, 47),
(37, '2020-04-04 21:13:57', 'ultrices libero non mattis pulvinar nulla pede ullamcorper augue a suscipit nulla elit', 1, 37),
(38, '2019-04-29 08:51:56', 'sapien cursus vestibulum proin eu mi nulla ac enim in', 0, 25),
(39, '2020-09-14 13:12:51', 'congue vivamus metus arcu adipiscing molestie hendrerit at vulputate vitae nisl aenean lectus pellentesque eget nunc donec', 1, 12),
(40, '2020-03-26 10:57:17', 'nulla tempus vivamus in felis eu sapien cursus vestibulum proin eu mi nulla ac enim', 0, 3),
(41, '2020-11-20 17:11:40', 'consequat varius integer ac leo pellentesque ultrices mattis odio donec vitae nisi nam ultrices libero non mattis pulvinar nulla pede', 0, 15),
(42, '2020-02-23 03:11:33', 'etiam faucibus cursus urna ut tellus nulla ut erat id', 1, 13),
(43, '2020-05-26 11:17:12', 'condimentum neque sapien placerat ante nulla justo aliquam quis turpis eget elit sodales scelerisque mauris sit amet', 0, 29),
(44, '2019-10-30 16:41:58', 'tincidunt lacus at velit vivamus vel nulla eget eros elementum pellentesque quisque', 1, 22),
(45, '2020-07-17 19:01:56', 'hac habitasse platea dictumst maecenas ut massa quis augue luctus tincidunt nulla mollis molestie lorem quisque ut erat curabitur', 1, 3),
(46, '2019-03-27 07:13:34', 'lacus morbi quis tortor id nulla ultrices aliquet maecenas leo odio condimentum id luctus nec', 0, 34),
(47, '2019-06-19 01:31:20', 'massa id nisl venenatis lacinia aenean sit amet justo morbi ut odio cras mi pede malesuada in', 0, 10),
(48, '2020-05-05 00:23:32', 'adipiscing lorem vitae mattis nibh ligula nec sem duis aliquam convallis nunc proin at turpis', 0, 50),
(49, '2020-06-23 09:07:57', 'at turpis donec posuere metus vitae ipsum aliquam non mauris morbi non lectus aliquam', 1, 16),
(50, '2019-09-09 15:01:56', 'diam vitae quam suspendisse potenti nullam porttitor lacus at turpis donec posuere metus vitae ipsum aliquam non mauris', 1, 36);

-- --------------------------------------------------------

--
-- Table structure for table `settore`
--

CREATE TABLE `settore` (
  `id` int(11) NOT NULL,
  `nome` varchar(70) CHARACTER SET utf8 COLLATE utf8_general_ci DEFAULT NULL,
  `descrizione` varchar(500) CHARACTER SET utf8 COLLATE utf8_general_ci NOT NULL
) ENGINE=InnoDB DEFAULT CHARSET=utf8;

--
-- Dumping data for table `settore`
--

INSERT INTO `settore` (`id`, `nome`, `descrizione`) VALUES
(1, 'Assistenza hardware a dispositivi informatici', 'arcu adipiscing molestie hendrerit at vulputate vitae nisl aenean lectus pellentesque eget nunc donec quis orci eget orci vehicula condimentum curabitur in libero ut massa volutpat convallis morbi odio odio'),
(2, 'Configurazione di server e relativi servizi', 'pede justo eu massa donec dapibus duis at velit eu est congue elementum in hac habitasse platea dictumst morbi vestibulum velit id pretium iaculis diam erat fermentum justo nec condimentum neque sapien placerat ante nulla justo aliquam quis turpis eget elit sodales scelerisque mauris sit amet'),
(3, 'Assistenza software e sviluppo di nuove applicazioni', 'volutpat dui maecenas tristique est et tempus semper est quam pharetra magna ac consequat metus sapien ut nunc vestibulum ante ipsum primis in faucibus orci luctus et ultrices posuere'),
(4, 'Personalizzazione di software', 'tortor id nulla ultrices aliquet maecenas leo odio condimentum id luctus nec molestie sed justo pellentesque viverra pede ac diam cras pellentesque volutpat dui maecenas tristique est et tempus semper est quam pharetra magna');

-- --------------------------------------------------------

--
-- Table structure for table `ticket`
--

CREATE TABLE `ticket` (
  `id` int(11) NOT NULL,
  `dataapertura` datetime NOT NULL,
  `descrizione` text CHARACTER SET utf8 COLLATE utf8_general_ci NOT NULL,
  `isaperto` tinyint(1) NOT NULL,
  `fk_cliente` int(11) NOT NULL,
  `fk_settore` int(11) NOT NULL,
  `fk_dipendente` int(11) NOT NULL
) ENGINE=InnoDB DEFAULT CHARSET=utf8;

--
-- Dumping data for table `ticket`
--

INSERT INTO `ticket` (`id`, `dataapertura`, `descrizione`, `isaperto`, `fk_cliente`, `fk_settore`, `fk_dipendente`) VALUES
(1, '2019-05-24 20:39:02', 'ut ultrices vel augue vestibulum ante ipsum primis in faucibus orci luctus et ultrices posuere', 0, 245, 3, 3),
(2, '2020-12-25 06:48:20', 'luctus et ultrices posuere cubilia curae nulla dapibus dolor vel est donec', 0, 870, 4, 48),
(3, '2020-06-29 14:20:58', 'sagittis nam congue risus semper porta volutpat quam pede lobortis ligula', 0, 906, 4, 31),
(4, '2020-03-24 02:14:59', 'a libero nam dui proin leo odio porttitor id consequat in', 1, 169, 2, 32),
(5, '2020-05-26 19:38:26', 'placerat ante nulla justo aliquam quis turpis eget elit sodales scelerisque mauris sit amet eros suspendisse accumsan', 1, 62, 2, 30),
(6, '2019-02-09 17:55:57', 'posuere cubilia curae donec pharetra magna vestibulum aliquet ultrices erat tortor sollicitudin mi sit amet lobortis sapien sapien', 1, 724, 4, 49),
(7, '2019-11-17 23:09:48', 'ac nibh fusce lacus purus aliquet at feugiat non pretium quis lectus suspendisse potenti in eleifend', 1, 717, 1, 42),
(8, '2019-02-15 05:30:09', 'sapien sapien non mi integer ac neque duis bibendum morbi', 0, 732, 3, 30),
(9, '2020-10-26 23:11:18', 'primis in faucibus orci luctus et ultrices posuere cubilia curae nulla dapibus dolor vel est', 0, 348, 4, 30),
(10, '2019-02-07 22:10:05', 'lectus pellentesque at nulla suspendisse potenti cras in purus eu magna vulputate luctus cum sociis natoque penatibus et magnis', 1, 268, 3, 39),
(11, '2020-05-08 20:30:12', 'nonummy integer non velit donec diam neque vestibulum eget vulputate ut ultrices', 0, 914, 2, 16),
(12, '2019-09-29 05:51:00', 'eu sapien cursus vestibulum proin eu mi nulla ac enim in tempor turpis', 1, 658, 3, 13),
(13, '2019-10-01 09:13:49', 'sodales scelerisque mauris sit amet eros suspendisse accumsan tortor quis turpis sed ante', 0, 25, 2, 23),
(14, '2020-10-27 17:32:39', 'diam erat fermentum justo nec condimentum neque sapien placerat ante nulla justo aliquam', 1, 450, 3, 2),
(15, '2020-02-18 12:29:12', 'ornare consequat lectus in est risus auctor sed tristique in', 0, 454, 3, 39),
(16, '2019-12-11 15:09:19', 'ultrices libero non mattis pulvinar nulla pede ullamcorper augue a suscipit nulla elit ac nulla sed vel enim sit', 0, 423, 4, 26),
(17, '2019-03-02 21:08:32', 'aliquam non mauris morbi non lectus aliquam sit amet diam in magna bibendum', 1, 172, 3, 28),
(18, '2020-03-29 19:08:25', 'aliquam convallis nunc proin at turpis a pede posuere nonummy integer', 0, 6, 3, 9),
(19, '2019-04-02 11:52:07', 'hac habitasse platea dictumst aliquam augue quam sollicitudin vitae consectetuer eget rutrum at lorem integer tincidunt ante', 0, 558, 3, 40),
(20, '2020-09-06 09:09:11', 'aliquam convallis nunc proin at turpis a pede posuere nonummy integer non velit donec diam', 1, 331, 3, 4),
(21, '2019-06-08 17:10:29', 'tellus in sagittis dui vel nisl duis ac nibh fusce lacus purus aliquet', 1, 132, 2, 23),
(22, '2020-05-23 06:33:26', 'odio donec vitae nisi nam ultrices libero non mattis pulvinar nulla pede ullamcorper augue a suscipit nulla elit ac nulla', 0, 57, 4, 33),
(23, '2020-03-19 15:36:00', 'vulputate nonummy maecenas tincidunt lacus at velit vivamus vel nulla eget eros elementum', 1, 481, 4, 41),
(24, '2019-07-21 13:25:10', 'consequat metus sapien ut nunc vestibulum ante ipsum primis in faucibus orci luctus et ultrices', 0, 69, 4, 49),
(25, '2020-04-26 14:04:59', 'turpis a pede posuere nonummy integer non velit donec diam', 1, 29, 3, 30),
(26, '2019-01-27 22:13:56', 'in purus eu magna vulputate luctus cum sociis natoque penatibus et magnis dis parturient montes nascetur ridiculus mus', 0, 785, 3, 33),
(27, '2020-08-19 00:44:29', 'pede morbi porttitor lorem id ligula suspendisse ornare consequat lectus', 0, 549, 3, 18),
(28, '2020-10-28 00:55:13', 'mauris enim leo rhoncus sed vestibulum sit amet cursus id turpis integer aliquet massa id lobortis convallis tortor risus dapibus', 0, 192, 2, 49),
(29, '2019-10-28 19:56:02', 'pellentesque eget nunc donec quis orci eget orci vehicula condimentum curabitur in libero', 0, 128, 1, 3),
(30, '2019-10-19 06:09:39', 'a odio in hac habitasse platea dictumst maecenas ut massa quis augue luctus', 1, 808, 3, 6),
(31, '2020-12-13 06:51:13', 'nullam molestie nibh in lectus pellentesque at nulla suspendisse potenti cras in', 1, 55, 1, 13),
(32, '2019-10-11 16:54:55', 'vestibulum proin eu mi nulla ac enim in tempor turpis nec euismod', 0, 598, 4, 40),
(33, '2019-09-22 16:09:18', 'cras in purus eu magna vulputate luctus cum sociis natoque penatibus et magnis', 0, 201, 4, 31),
(34, '2020-12-12 06:33:40', 'lacinia sapien quis libero nullam sit amet turpis elementum ligula vehicula consequat morbi a ipsum integer a nibh in quis', 1, 417, 3, 20),
(35, '2019-02-03 15:21:22', 'posuere cubilia curae nulla dapibus dolor vel est donec odio justo sollicitudin ut suscipit a feugiat', 1, 653, 2, 49),
(36, '2020-10-15 20:53:19', 'duis ac nibh fusce lacus purus aliquet at feugiat non pretium quis lectus suspendisse', 0, 637, 1, 7),
(37, '2020-05-30 09:31:54', 'maecenas ut massa quis augue luctus tincidunt nulla mollis molestie lorem quisque', 1, 940, 3, 41),
(38, '2019-03-19 13:18:05', 'tortor risus dapibus augue vel accumsan tellus nisi eu orci mauris lacinia sapien quis libero nullam', 1, 553, 2, 2),
(39, '2020-05-09 22:10:52', 'suspendisse accumsan tortor quis turpis sed ante vivamus tortor duis mattis egestas metus aenean fermentum donec ut mauris eget', 0, 472, 4, 30),
(40, '2020-05-26 18:10:21', 'quam turpis adipiscing lorem vitae mattis nibh ligula nec sem duis aliquam convallis nunc proin at turpis', 0, 347, 1, 33),
(41, '2020-10-02 16:42:13', 'congue elementum in hac habitasse platea dictumst morbi vestibulum velit id pretium iaculis', 0, 422, 1, 45),
(42, '2019-08-03 05:36:53', 'congue diam id ornare imperdiet sapien urna pretium nisl ut volutpat sapien arcu', 0, 342, 1, 41),
(43, '2019-01-16 00:48:42', 'lacinia eget tincidunt eget tempus vel pede morbi porttitor lorem id ligula suspendisse ornare consequat lectus in est', 0, 588, 3, 11),
(44, '2020-02-06 11:36:27', 'duis consequat dui nec nisi volutpat eleifend donec ut dolor morbi vel lectus in quam fringilla rhoncus', 1, 55, 1, 50),
(45, '2020-08-02 14:32:12', 'non velit nec nisi vulputate nonummy maecenas tincidunt lacus at velit vivamus vel', 0, 586, 2, 39),
(46, '2019-11-27 19:29:02', 'neque aenean auctor gravida sem praesent id massa id nisl venenatis', 0, 617, 4, 36),
(47, '2019-10-04 22:54:25', 'nam congue risus semper porta volutpat quam pede lobortis ligula', 0, 628, 4, 44),
(48, '2020-09-19 19:28:30', 'felis fusce posuere felis sed lacus morbi sem mauris laoreet ut rhoncus aliquet pulvinar sed nisl nunc rhoncus dui', 0, 786, 4, 6),
(49, '2019-11-09 08:18:34', 'ultrices enim lorem ipsum dolor sit amet consectetuer adipiscing elit proin', 1, 671, 3, 47),
(50, '2019-09-17 01:28:28', 'nibh in hac habitasse platea dictumst aliquam augue quam sollicitudin vitae consectetuer eget rutrum at', 1, 214, 4, 30),
(51, '2020-01-11 08:42:31', 'felis sed interdum venenatis turpis enim blandit mi in porttitor', 1, 614, 4, 22),
(52, '2020-12-13 19:06:59', 'potenti nullam porttitor lacus at turpis donec posuere metus vitae ipsum aliquam non mauris morbi non lectus aliquam sit amet', 0, 914, 3, 20),
(53, '2019-11-25 19:41:10', 'massa id nisl venenatis lacinia aenean sit amet justo morbi', 1, 956, 4, 12),
(54, '2019-11-10 01:54:01', 'pede morbi porttitor lorem id ligula suspendisse ornare consequat lectus in est', 1, 820, 1, 22),
(55, '2019-02-17 02:23:09', 'sit amet nunc viverra dapibus nulla suscipit ligula in lacus curabitur at ipsum', 1, 813, 1, 23),
(56, '2019-02-21 01:10:43', 'sit amet cursus id turpis integer aliquet massa id lobortis convallis tortor risus dapibus augue', 1, 772, 4, 29),
(57, '2020-12-26 01:47:06', 'et ultrices posuere cubilia curae donec pharetra magna vestibulum aliquet ultrices erat tortor sollicitudin mi sit amet lobortis sapien', 1, 831, 3, 15),
(58, '2019-09-29 04:58:44', 'aliquet maecenas leo odio condimentum id luctus nec molestie sed justo pellentesque viverra pede ac diam cras pellentesque', 1, 615, 1, 30),
(59, '2020-12-13 16:51:41', 'suscipit ligula in lacus curabitur at ipsum ac tellus semper interdum mauris ullamcorper', 0, 769, 2, 30),
(60, '2019-05-03 10:51:55', 'elementum pellentesque quisque porta volutpat erat quisque erat eros viverra eget congue eget semper rutrum nulla nunc', 0, 594, 4, 43),
(61, '2020-01-16 13:40:34', 'nascetur ridiculus mus vivamus vestibulum sagittis sapien cum sociis natoque penatibus et magnis dis parturient montes nascetur ridiculus mus etiam', 1, 895, 3, 38),
(62, '2020-02-07 03:28:10', 'curae mauris viverra diam vitae quam suspendisse potenti nullam porttitor lacus at turpis donec', 1, 918, 1, 50),
(63, '2019-12-15 22:31:20', 'parturient montes nascetur ridiculus mus etiam vel augue vestibulum rutrum rutrum neque', 1, 526, 1, 28),
(64, '2019-06-17 08:25:46', 'sagittis sapien cum sociis natoque penatibus et magnis dis parturient montes nascetur ridiculus mus etiam', 0, 213, 3, 18),
(65, '2020-06-03 19:45:11', 'est congue elementum in hac habitasse platea dictumst morbi vestibulum velit id', 0, 764, 1, 37),
(66, '2019-11-07 14:34:57', 'sociis natoque penatibus et magnis dis parturient montes nascetur ridiculus mus vivamus vestibulum sagittis sapien cum sociis natoque', 1, 307, 1, 26),
(67, '2020-11-02 00:38:52', 'viverra dapibus nulla suscipit ligula in lacus curabitur at ipsum ac tellus semper interdum mauris ullamcorper purus', 1, 170, 4, 16),
(68, '2019-09-16 22:14:48', 'vitae ipsum aliquam non mauris morbi non lectus aliquam sit amet diam in magna bibendum imperdiet nullam orci', 1, 445, 2, 28),
(69, '2019-03-06 21:17:46', 'eros suspendisse accumsan tortor quis turpis sed ante vivamus tortor duis mattis', 1, 200, 4, 9),
(70, '2019-09-23 01:20:12', 'pellentesque quisque porta volutpat erat quisque erat eros viverra eget congue eget semper rutrum nulla nunc purus', 1, 369, 3, 33),
(71, '2019-10-22 06:42:12', 'ultrices aliquet maecenas leo odio condimentum id luctus nec molestie sed justo pellentesque viverra pede ac diam', 1, 795, 2, 29),
(72, '2020-12-24 20:47:15', 'facilisi cras non velit nec nisi vulputate nonummy maecenas tincidunt lacus at velit vivamus vel', 1, 852, 2, 37),
(73, '2019-11-27 17:50:47', 'integer non velit donec diam neque vestibulum eget vulputate ut ultrices vel augue vestibulum ante ipsum primis in', 1, 219, 4, 12),
(74, '2019-12-30 10:53:02', 'nisi volutpat eleifend donec ut dolor morbi vel lectus in quam fringilla rhoncus mauris enim leo', 1, 795, 2, 19),
(75, '2019-07-21 11:45:56', 'in faucibus orci luctus et ultrices posuere cubilia curae duis faucibus accumsan odio curabitur', 1, 579, 3, 48),
(76, '2019-02-16 04:27:47', 'vivamus vel nulla eget eros elementum pellentesque quisque porta volutpat erat quisque erat eros', 0, 35, 3, 36),
(77, '2019-08-17 03:09:42', 'mauris non ligula pellentesque ultrices phasellus id sapien in sapien iaculis', 0, 805, 3, 39),
(78, '2020-03-29 08:37:10', 'venenatis tristique fusce congue diam id ornare imperdiet sapien urna pretium nisl ut volutpat sapien', 0, 857, 1, 7),
(79, '2019-07-24 12:17:41', 'proin interdum mauris non ligula pellentesque ultrices phasellus id sapien in sapien iaculis congue vivamus metus arcu', 0, 399, 2, 25),
(80, '2020-06-10 17:15:37', 'nulla eget eros elementum pellentesque quisque porta volutpat erat quisque erat eros', 0, 554, 1, 13),
(81, '2020-12-11 14:56:47', 'eget tempus vel pede morbi porttitor lorem id ligula suspendisse ornare consequat lectus in', 1, 797, 1, 43),
(82, '2020-05-18 11:13:07', 'nulla justo aliquam quis turpis eget elit sodales scelerisque mauris sit amet eros suspendisse accumsan', 0, 493, 2, 34),
(83, '2019-06-30 20:24:35', 'nibh in lectus pellentesque at nulla suspendisse potenti cras in purus eu magna vulputate luctus', 1, 143, 3, 8),
(84, '2019-09-22 09:59:15', 'ipsum dolor sit amet consectetuer adipiscing elit proin risus praesent lectus vestibulum quam sapien varius ut blandit', 0, 318, 3, 32),
(85, '2020-06-19 13:32:45', 'eget vulputate ut ultrices vel augue vestibulum ante ipsum primis in faucibus orci luctus', 1, 713, 3, 35),
(86, '2020-07-30 13:28:24', 'massa volutpat convallis morbi odio odio elementum eu interdum eu tincidunt in leo maecenas', 0, 324, 3, 19),
(87, '2020-04-27 01:17:25', 'platea dictumst etiam faucibus cursus urna ut tellus nulla ut erat id mauris vulputate elementum nullam varius nulla', 1, 470, 4, 32),
(88, '2019-07-24 14:15:07', 'duis at velit eu est congue elementum in hac habitasse platea dictumst', 1, 957, 2, 41),
(89, '2020-10-18 17:52:54', 'tortor duis mattis egestas metus aenean fermentum donec ut mauris', 1, 861, 2, 18),
(90, '2020-12-29 04:59:07', 'non velit donec diam neque vestibulum eget vulputate ut ultrices vel augue vestibulum ante', 0, 15, 1, 44),
(91, '2019-03-13 06:41:49', 'ligula pellentesque ultrices phasellus id sapien in sapien iaculis congue vivamus metus arcu adipiscing molestie hendrerit at', 1, 629, 2, 42),
(92, '2019-01-07 20:28:59', 'mattis nibh ligula nec sem duis aliquam convallis nunc proin at turpis a pede', 1, 51, 1, 49),
(93, '2019-06-23 06:14:47', 'pede morbi porttitor lorem id ligula suspendisse ornare consequat lectus in est risus auctor sed tristique', 0, 833, 2, 23),
(94, '2020-07-10 16:09:55', 'sollicitudin vitae consectetuer eget rutrum at lorem integer tincidunt ante vel', 0, 854, 2, 48),
(95, '2020-01-17 10:58:59', 'elit ac nulla sed vel enim sit amet nunc viverra dapibus nulla suscipit ligula in lacus', 1, 467, 1, 28),
(96, '2019-08-18 17:06:58', 'dolor quis odio consequat varius integer ac leo pellentesque ultrices mattis odio donec vitae nisi', 1, 212, 1, 49),
(97, '2019-03-22 19:43:20', 'cubilia curae duis faucibus accumsan odio curabitur convallis duis consequat dui nec nisi volutpat eleifend', 1, 834, 3, 27),
(98, '2020-05-08 14:53:51', 'nisi venenatis tristique fusce congue diam id ornare imperdiet sapien urna pretium', 1, 209, 1, 28),
(99, '2020-06-07 00:38:07', 'morbi non lectus aliquam sit amet diam in magna bibendum imperdiet nullam orci pede venenatis non sodales sed tincidunt eu', 0, 263, 2, 3),
(100, '2020-02-22 11:17:46', 'volutpat convallis morbi odio odio elementum eu interdum eu tincidunt in leo maecenas pulvinar lobortis', 1, 665, 2, 49);

-- --------------------------------------------------------

--
-- Table structure for table `utenza`
--

CREATE TABLE `utenza` (
  `id` int(11) NOT NULL,
  `username` varchar(20) NOT NULL,
  `password` varchar(255) NOT NULL,
  `email` varchar(255) NOT NULL
) ENGINE=InnoDB DEFAULT CHARSET=utf8;

--
-- Indexes for dumped tables
--

--
-- Indexes for table `cliente`
--
ALTER TABLE `cliente`
  ADD PRIMARY KEY (`id`),
  ADD UNIQUE KEY `cellulare` (`cellulare`),
  ADD KEY `fk_utenza1` (`fk_utenza`);

--
-- Indexes for table `dipendente`
--
ALTER TABLE `dipendente`
  ADD PRIMARY KEY (`id`),
  ADD UNIQUE KEY `codicefiscale` (`codicefiscale`),
  ADD UNIQUE KEY `cellulare` (`cellulare`),
  ADD KEY `fk_utenza` (`fk_utenza`);

--
-- Indexes for table `lavora`
--
ALTER TABLE `lavora`
  ADD PRIMARY KEY (`id`),
  ADD KEY `fk_dipendente1` (`fk_dipendente`),
  ADD KEY `fk_settore1` (`fk_settore`);

--
-- Indexes for table `report`
--
ALTER TABLE `report`
  ADD KEY `fk_dipendente2` (`fk_dipendente`);

--
-- Indexes for table `settore`
--
ALTER TABLE `settore`
  ADD PRIMARY KEY (`id`);

--
-- Indexes for table `ticket`
--
ALTER TABLE `ticket`
  ADD PRIMARY KEY (`id`),
  ADD KEY `fk_cliente` (`fk_cliente`),
  ADD KEY `fk_settore` (`fk_settore`),
  ADD KEY `fk_dipendente` (`fk_dipendente`);

--
-- Indexes for table `utenza`
--
ALTER TABLE `utenza`
  ADD PRIMARY KEY (`id`),
  ADD UNIQUE KEY `username` (`username`),
  ADD UNIQUE KEY `email` (`email`);

--
-- AUTO_INCREMENT for dumped tables
--

--
-- AUTO_INCREMENT for table `cliente`
--
ALTER TABLE `cliente`
  MODIFY `id` int(11) NOT NULL AUTO_INCREMENT, AUTO_INCREMENT=1001;

--
-- AUTO_INCREMENT for table `dipendente`
--
ALTER TABLE `dipendente`
  MODIFY `id` int(11) NOT NULL AUTO_INCREMENT, AUTO_INCREMENT=51;

--
-- AUTO_INCREMENT for table `lavora`
--
ALTER TABLE `lavora`
  MODIFY `id` int(11) NOT NULL AUTO_INCREMENT, AUTO_INCREMENT=51;

--
-- AUTO_INCREMENT for table `settore`
--
ALTER TABLE `settore`
  MODIFY `id` int(11) NOT NULL AUTO_INCREMENT, AUTO_INCREMENT=11;

--
-- AUTO_INCREMENT for table `ticket`
--
ALTER TABLE `ticket`
  MODIFY `id` int(11) NOT NULL AUTO_INCREMENT, AUTO_INCREMENT=101;

--
-- AUTO_INCREMENT for table `utenza`
--
ALTER TABLE `utenza`
  MODIFY `id` int(11) NOT NULL AUTO_INCREMENT;

--
-- Constraints for dumped tables
--

--
-- Constraints for table `cliente`
--
ALTER TABLE `cliente`
  ADD CONSTRAINT `fk_utenza1` FOREIGN KEY (`fk_utenza`) REFERENCES `utenza` (`id`) ON DELETE RESTRICT ON UPDATE RESTRICT;

--
-- Constraints for table `dipendente`
--
ALTER TABLE `dipendente`
  ADD CONSTRAINT `fk_utenza` FOREIGN KEY (`fk_utenza`) REFERENCES `utenza` (`id`) ON DELETE RESTRICT ON UPDATE RESTRICT;

--
-- Constraints for table `lavora`
--
ALTER TABLE `lavora`
  ADD CONSTRAINT `fk_dipendente1` FOREIGN KEY (`fk_dipendente`) REFERENCES `dipendente` (`id`) ON DELETE RESTRICT ON UPDATE RESTRICT,
  ADD CONSTRAINT `fk_settore1` FOREIGN KEY (`fk_settore`) REFERENCES `settore` (`id`) ON DELETE RESTRICT ON UPDATE RESTRICT;

--
-- Constraints for table `report`
--
ALTER TABLE `report`
  ADD CONSTRAINT `fk_dipendente2` FOREIGN KEY (`fk_dipendente`) REFERENCES `dipendente` (`id`) ON DELETE RESTRICT ON UPDATE RESTRICT;

--
-- Constraints for table `ticket`
--
ALTER TABLE `ticket`
  ADD CONSTRAINT `fk_cliente` FOREIGN KEY (`fk_cliente`) REFERENCES `cliente` (`id`) ON DELETE RESTRICT ON UPDATE RESTRICT,
  ADD CONSTRAINT `fk_dipendente` FOREIGN KEY (`fk_dipendente`) REFERENCES `dipendente` (`id`) ON DELETE RESTRICT ON UPDATE RESTRICT,
  ADD CONSTRAINT `fk_settore` FOREIGN KEY (`fk_settore`) REFERENCES `settore` (`id`) ON DELETE RESTRICT ON UPDATE RESTRICT;
COMMIT;

/*!40101 SET CHARACTER_SET_CLIENT=@OLD_CHARACTER_SET_CLIENT */;
/*!40101 SET CHARACTER_SET_RESULTS=@OLD_CHARACTER_SET_RESULTS */;
/*!40101 SET COLLATION_CONNECTION=@OLD_COLLATION_CONNECTION */;
